id,url,capturado_utc,bytes,sha256,status,assunto,trecho
opovo-pesquisas-governador,https://www.opovo.com.br/noticias/politica/eleicoes/2026/10/04/resultados-das-pesquisas-datafolha-e-quaest-para-governador.html,2026-10-07T14:04:08+00:00,53759,5f87be95881afe7d28df6c859e8c1eb4ca6a198f63ab1d868991bb8822d1de25,ok,"pesquisas Datafolha e Quaest para governador, todos os estados",Confira os principais números Norte Quaest Acre Mailza Assis (PP): 41%; Alan Rick (Republicanos): 37%; Tião Bocalom (PSDB): 16%; Thor Dantas (PSB): 5% Quaest Amapá Dr Furlan (PSD) 53%; Clécio Luís (União Brasil): 47% Quaest Amazonas Omar Aziz (PSD): 40%; Professora Maria do Carmo (PL): 25%; David Almeida (Avante): || andro Grass (PT): 27%; Paula Belmonte (PSDB): 10% Quaest Distrito Federal (DF) Celina Leão (PP): 53%; Leandro Grass (PT): 32%; Paula Belmonte (PSDB): 10% Sudeste Quaest Espírito Santo (ES) Lorenzo Pazolini (Republicanos): 45%; Ricardo Ferraço (MDB): 41%; Helder Salomão (PT): 12% Datafolha Minas Gerais (MG) Cleitinho Azevedo (Republicanos): 53%; Patrus Ananias (PT): 21%; Alexandre Kalil (PDT): 9% Quaest Minas Gerais Cleitinho Azevedo (Republicanos): 54%; Patrus Ananias (PT): 23%; Alexandre Kalil (PDT): 10% Datafolha Rio de Janeiro (RJ) Eduardo Paes (PSD):
gazeta-pesquisas-sp,https://gazetadopovo.com.br/eleicoes/2026/sao-paulo-2026/quais-pesquisas-acertaram-e-erraram-para-governador-de-sao-paulo,2026-10-07T14:04:11+00:00,336097,a4a94a05cf7eb91aec84219b0ef0db6c90f42a3447072004a4f27cb4b0897d18,ok,pesquisas de governador de SP contra a urna,"Tarcísio foi reeleito com 62,65% dos votos válidos. || Somente a AtlasIntel colocava Tarcísio na casa dos 50%."
metropoles-janones,https://www.metropoles.com/minas-gerais/apesar-de-reeleito-janones-perdeu-mais-de-160-mil-votos-em-quatro-anos,2026-10-07T14:04:12+00:00,42496,e323bc13dc7ddd10e8c7de9cce237c7aed5874bb0a74a94ad163f1dae0b960c8,trecho_nao_encontrado,Janones reeleito com queda de votos,
poder360-marina,https://www.poder360.com.br/poder-eleicoes/marina-silva-diz-que-nao-sera-candidata-a-deputada-federal/,2026-10-07T14:04:13+00:00,250981,89ef19622e15f2faedfe202d2a72eb6cad3d6ea59ee19b9bb78dc4bb79f5df35,ok,Marina Silva nao disputaria a Camara,Marina Silva diz que não será candidata a deputada federal --> Marina Silva diz que não será candidata a deputada federal Ir para o conteúdo 1 Ir para o menu 2 Ir para a busca 3 Ir para o rodapé 4 Disponível em https://www.poder360.com.br/poder-eleicoes/marina-silva-diz-que-nao-sera-candidata-a-deputada-federal/ SÓ TEXTO
radio-senado-bancada-pl,https://www12.senado.leg.br/radio/1/noticia/2026/10/05/pl-tera-a-maior-bancada-da-camara-dos-deputados,2026-10-07T14:04:15+00:00,42459,a5d5f5e93eac9610f71204c91295b572f220b139aa1e3f2b6e25fd8d7a0feb4d,ok,bancada do PL na Camara,PL terá a maior bancada da Câmara dos Deputados — Rádio Senado Menu Acessibilidade Fale com o Senado MENU DESTA SEÇÃO Ao Vivo Canal 1 - Rádio Senado FM Canal 2 - Rádio Senado FM Programas Podcasts Notícias RadioAgência Todos os Áudios Serviços Grade Horária Quem somos Como Sinton
cnn-camara-reeleicao,https://www.cnnbrasil.com.br/eleicoes/eleicoes-2026-camara-consegue-reeleger-mais-da-metade-dos-deputados/,2026-10-07T14:04:17+00:00,394050,c5a40c52ccb3708cf3ca434c9771b921909c5341a5b5f8c730c125c353fda15a,ok,reeleicao na Camara,Eleições 2026: Câmara consegue reeleger mais da metade dos deputados | CNN Brasil Pular para o conteúdo Ao vivo Política Money WW Agro Infra IA Esportes Viagem & Gastronomia Política Eleições Apuração Índice CNN Candidatos Colinha Eleitoral Monitor de Debates Eleições 2026: Câmara consegue reeleger mais da met || Eleições 2026: Câmara consegue reeleger mais da metade dos deputados | CNN Brasil Pular para o conteúdo Ao vivo Política Money WW Agro Infra IA Esportes Viagem & Gastronomia Política Eleições Apuração Índice CNN Candidatos Colinha Eleitoral Monitor de Debates Eleições 2026: Câmara consegue reeleger mais da metade dos deputados Após o pri
acritica-renovacao,https://acritica.net/eleicoes-2026/camara-renova-35-das-cadeiras-e-tera-183-deputados-em-primeiro-mandato/,2026-10-07T14:04:18+00:00,380499,ca0f554256df00f6a90936a7d63d47b211f9a66ff6c46783fcd6da264b983ab6,ok,renovacao de 35% da Camara,Câmara renova 35% das cadeiras e terá 183 deputados em primeiro mandato - A Crítica de Campo Grande Pular para o conteúdo Pular para o menu Menu Rádios Últimas Notícias Jornal Impresso Agropecuária Automóveis Cultura Economia Entretenimento Entrevistas Esportes Justiça Light Meio Ambiente Nacional Notícias Opinião Po
poder360-aprovacao-quaest,https://www.poder360.com.br/poder-eleicoes-2026/governo-lula-e-aprovado-por-48-e-desaprovado-por-47-diz-quaest/,2026-10-07T14:04:19+00:00,251928,1d16c8512816d963ef336d117d097f0051a55f18c4988dcf953dd9fa3dc23e03,ok,"aprovacao do governo, Quaest, julho de 2026","Governo Lula é aprovado por 48% e desaprovado por 47%, diz Quaest --> Governo Lula é aprovado por 48% e desaprovado por 47%, diz Quaest Ir para o conteúdo 1 Ir para o menu 2 Ir para a busca 3 Ir para o rodapé 4 Disponível em https://www.poder360.com.br/poder-eleicoes-2026/governo-lula-e-aprovado-por-48-e-de || Governo Lula é aprovado por 48% e desaprovado por 47%, diz Quaest --> Governo Lula é aprovado por 48% e desaprovado por 47%, diz Quaest Ir para o conteúdo 1 Ir para o menu 2 Ir para a busca 3 Ir para o rodapé 4 Disponível em https://www.poder360.com.br/poder-eleicoes-2026/governo-lula-e-aprovado-por-48-e-desaprovado-por-47-diz-q"
poder360-desconfianca-stf,https://www.poder360.com.br/poder-pesquisas/desconfianca-no-stf-atinge-43-maior-nivel-desde-2012/,2026-10-07T14:04:20+00:00,256694,58c1111d156e0f8156321c9bb1bf41f0753e591119c1efa87bcdfc4eff2b1f50,ok,"desconfianca no STF, Datafolha, marco de 2026","Desconfiança no STF atinge 43%, maior nível desde 2012 --> Desconfiança no STF atinge 43%, maior nível desde 2012 Ir para o conteúdo 1 Ir para o menu 2 Ir para a busca 3 Ir para o rodapé 4 Disponível em https://www.poder360.com.br/poder-pesquisas/desconfianca-no-stf-atinge-43-maior-nivel-desde-2012/ SÓ TEX"
metropoles-confianca-stf,https://www.metropoles.com/brasil/confianca-no-stf-cai-de-50-para-43-em-7-meses-diz-quaest,2026-10-07T14:04:23+00:00,220769,ccecbe8dd0e73e883e3d64c01437a3a6ef50377bca6a98f93023b9f5350be377,ok,"confianca no STF, Quaest","Confiança no STF cai de 50% para 43% em 7 meses, diz Quaest Menu Ative nossas notificações Você quer ficar por dentro das notícias mais importantes e receber notificações em tempo real? Eu quero! Agora não Inscreva-se no canal MetrópolesTV no YouTube MetrópolesTV Inscreva-se na MetrópolesTV Busca Digite sua busc || Confiança no STF cai de 50% para 43% em 7 meses, diz Quaest Menu Ative nossas notificações Você quer ficar por dentro das notícias mais importantes e receber notificações em tempo real? Eu quero! Agora não Inscreva-se no canal MetrópolesTV no YouTube MetrópolesTV Inscreva-se na MetrópolesTV Busca Digite"
dgabc-desconfianca-stf-quaest,https://www.dgabc.com.br/Noticia/4346869/desconfianca-com-o-stf-cresce-10-pontos-e-alcanca-56-aponta-pesquisa-quaest,2026-10-07T14:04:24+00:00,98345,bc71c89052794b52c496bfe506fb4c0502cbfd0f2b0e0a81dd1194f42bb19031,ok,"desconfianca no STF, Quaest, setembro de 2026","Desconfiança com o STF cresce 10 pontos e alcança 56%, aponta pesquisa Quaest - 14/09/2026 | Diário do Grande ABC Menu ASSINE top10 Eleições 2026 Setecidades Economia Política Esportes Nacional Cultura&Lazer Colunas Internacional Diarinho Turismo Viral marketplace Automóveis Horóscopo Gastronomia Memória Editorial Edição 20.000"
gazeta-moraes-vorcaro,https://gazetadopovo.com.br/eleicoes/2026/moraes-vota-em-colegio-de-sao-paulo-sob-crise-no-stf-por-relacao-com-vorcaro,2026-10-07T14:04:26+00:00,278450,29c68015a596da3af7878997c77e389eecff50287be56832e544458384a8b311,ok,Moraes e Vorcaro,Moraes vota em colégio de São Paulo sob crise no STF por relação com Vorcaro Publicidade Eleições Eleições 2026 Apuração | Eleições 2026 Guia de Candidatos Pesquisa Eleitoral Eleições 2026 Moraes vota em colégio de São Paulo sob crise no STF por relação com Vorcaro Por Guilherme Grandi 04/10/2026 às 15:45 Atualizado em 04/10/2026 às 16:11 Dê de pr
gazeta-master-inss-stf,https://gazetadopovo.com.br/eleicoes/2026/master-emendas-rio-de-janeiro-inss-stf-dita-ritmo-casos-explosivos-impacto-eleitoral,2026-10-07T14:04:29+00:00,385969,81fb111e6ab6b8b19041361d0210a7af7af14855ac67fb96aa6014f247d28b77,ok,"Master, INSS e STF e o impacto eleitoral","Ação da PF e despachos de ministros norteiam rumos da campanha Publicidade Eleições Eleições 2026 Pesquisa Eleitoral Eleições em São Paulo Eleições no Paraná Campanhas a presidente Master, emendas, Rio de Janeiro e INSS: STF dita ritmo de casos explosivos com impacto eleitoral Por Aiuri Rebello Especial para a Gazeta do Povo 03/08/2026 às 21:20 Dê de presente Prefira a Gazeta no Google Ação da PF ou despachos de ministros vão norteando campanhas Brasil afor"
wikipedia-master,https://en.wikipedia.org/wiki/Banco_Master_scandal,2026-10-07T14:04:31+00:00,436803,37344105fb6299f625f9285b7cdbd1c3e3a2b39868ca99301c9bf6776d910e81,ok,Banco Master scandal (indice de fontes primarias),Banco Master scandal - Wikipedia Jump to content Main menu Main menu move to sidebar hide Navigation Main page Contents Current events Random article About Wikipedia Contact us Contribute Help Learn to edit Community portal Recent changes Upload file Special pages Search Search A
metropoles-condenacao-bolsonaro,https://www.metropoles.com/brasil/trama-golpista-stf-condena-bolsonaro-a-27-anos-e-3-meses-de-prisao,2026-10-07T14:04:33+00:00,193899,9a5e7e77b9af3b795d556e8fcf10b7ebc9e39f2a5557622754c8ef5ce7a9b37e,ok,condenacao de Bolsonaro,Trama golpista: STF condena Bolsonaro a 27 anos e 3 meses de prisão Menu Ative nossas notificações Você quer ficar por dentro das notícias mais importantes e receber notificações em tempo real? Eu quero! Agora não Inscreva-se no canal MetrópolesTV no YouTube MetrópolesTV Inscreva-se na MetrópolesTV Busca Digite sua bus
gazeta-impeachment-senado,https://www.gazetadopovo.com.br/eleicoes/2026/gazeta-do-povo-mapeia-candidatos-senado-impeachment-ministros-stf/,2026-10-07T14:04:36+00:00,1344684,9ea7bb10b40a32f201ed771f98a50bdacfcbb7a27694b15112c83b596219d61f,ok,candidatos ao Senado e impeachment de ministros do STF,STF: lista dos candidatos ao Senado que defendem impeachment Publicidade Eleições Eleições 2026 Guia de Candidatos Pesquisa Eleitoral Eleições em São Paulo Levantamento exclusivo Gazeta do Povo mapeia candidatos ao Senado pró-impeachment de ministros do STF Por Rafael Fantin 20/09/2026 às 21:45 Atualizado em 25/09/2026 às 14:16
ndmais-stf-senado,https://ndmais.com.br/politica/stf-vira-tema-central-na-eleicao-para-o-senado-em-2026/,2026-10-07T14:04:38+00:00,194594,6e58120468f349520701a68114a8679972b2e58fc11a257bbb05d905f79a9a11,ok,STF como tema da eleicao do Senado,STF vira tema central na eleição para o Senado em 2026 Navegar para o conteúdo principal da página Menu ND Play Busca Últimas notícias Eleições 2026 Santa Catarina Grande Florianópolis Joinville e Norte de SC Blumenau e Vale do Itajaí Itajaí e Litoral Norte de SC Chapecó e Oeste de SC Criciúma e Sul de SC Lages e Serra
metropoles-pesquisas-presidente,https://www.metropoles.com/colunas/andreza-matais/pesquisas-acertaram-votacao-de-lula-mas-subestimaram-flavio-bolsonaro,2026-10-07T14:04:39+00:00,41380,bd11eb6549655f53d374e3cc66c7727cfd717e31064ba16ae06781452833fc51,trecho_nao_encontrado,pesquisas de presidente (so contexto),
cnn-sobras,https://www.cnnbrasil.com.br/politica/hugo-pede-ao-stf-que-regras-sobre-sobras-eleitorais-valham-a-partir-de-2026/,2026-10-07T14:04:41+00:00,401058,68b82cf00e57d75a5cb3a8003f04a1de57e08774340b2bf1b2e68e88930aaf03,ok,regra das sobras eleitorais,Hugo pede ao STF que regras sobre sobras eleitorais valham a partir de 2026 | CNN Brasil Pular para o conteúdo Ao vivo Política Money WW Agro Infra IA Esportes Viagem & Gastronomia Política Eleições Apuração Índice CNN Candidatos Colinha Eleitoral Monitor de Debates Hugo pede ao STF que regras sobre sobras eleito
conjur-sete-deputados,https://www.conjur.com.br/2025-jul-31/camara-declara-perda-de-mandato-de-sete-deputados-e-convoca-substitutos/,2026-10-07T14:04:49+00:00,143752,70a30ef11e7069002be6d428478b46b549fefc8dd7d0a6679474dc9e7ba03b96,ok,perda de mandato de sete deputados pela regra das sobras,Câmara declara perda de mandato de sete deputados Skip to content Menu Anuncie Login Capa Notícias Colunas Artigos Entrevistas Estúdio Áreas Anuários Loja Capa Notícias Colunas Artigos Entrevistas Estúdio Áreas Anuários Loja Dentro e fora Câmara declara perda de mandato de sete deputados e convoca substitutos 31 d
nexo-perfil-eleitos,https://www.nexojornal.com.br/grafico/2026/10/04/perfil-deputados-federais-eleitos-2026,2026-10-07T14:04:50+00:00,130871,9d0706dbce7112b96ea60f9d07c7496cd9c4ce94593c94747ecbc12533bacd44,ok,perfil dos deputados federais eleitos,O perfil dos deputados federais eleitos em 2026 - Nexo Jornal
cnn-governadores-apoio,https://www.cnnbrasil.com.br/eleicoes/governadores-eleitos-flavio-lula/,2026-10-07T14:04:52+00:00,427484,3ca3d59e2c0bb176412fc1db90ad7303d92b13751e01ebead044e293bc073ec1,ok,apoio dos governadores eleitos,Metade dos governadores eleitos apoiaram Flávio no primeiro turno | CNN Brasil Pular para o conteúdo Ao vivo Política Money WW Agro Infra IA Esportes Viagem & Gastronomia Política Eleições Apuração Índice CNN Candidatos Colinha Eleitoral Monitor de Debates Metade dos governadores eleitos ap
outroladodahistoria-autodeclaracao,https://outroladodahistoria.com/partidos-esquerda-direita-brasil/,2026-10-07T16:53:28+00:00,192607,72386908556c0fa3bd78451d2dfb23873a18b752a3768c8b467c59b886abcd40,ok,"autodeclaracao dos partidos (reproduz o levantamento do Valor Economico, ago/2026)", PSOL Esquerda socialista e democrática Esquerda Há amplo consenso sobre sua localização à esquerda PL Direita conservadora Direita Há amplo consenso atual sobre sua localização à direita Solidariedade Centro Centro Marcado por pragmatismo e alianças variáveis Novo Direita Direita Identificação bastante consistente entre autodefinição e classificações externas Rede Centro-esquerda Centro-esquerda 
poder360-276-direita,https://www.poder360.com.br/poder-eleicoes-2026/partidos-mais-a-direita-terao-276-deputados-na-camara/,2026-10-07T16:53:28+00:00,275167,50d061e21266fd061bc9b20237b11750be581ebd7e2ad481ff9e48a473c88fd9,ok,"direita pela escala UFPR/UEM: 275 em 2022, 276 em 2026", Partidos mais à direita terão 276 deputados na Câmara --> Partidos mais à direita terão 276 deputados na Câmara --> Ir para o conteúdo 1 Ir para o menu 2 Ir para a busca 3 Ir para o rodapé 4 Disponível em https://www.poder360.com.br/poder-eleicoes-2026/partidos-mais-a-direita-terao-276-deputados-na-camara/ SÓ TEXTO ASSINE O PODE
jbr-gps-partidario,https://jornaldebrasilia.com.br/noticias/politica-e-poder/novo-e-pl-sao-as-siglas-mais-a-direita-pstu-e-up-as-mais-a-esquerda-mostra-gps-partidario-2026/,2026-10-07T16:53:28+00:00,94257,c6043493d0d17b17fc719eec76ab0bdd660ac9f34578f1eb01198cd9a36d13c4,ok,"GPS Partidario da Folha (07/09/2026), via Folhapress","6 8h58 Foto: Rovena Rosa/Agência Brasil DANIEL MARIANI, MARINA PINHONI E PAULA SOPRANA FOLHAPRESS O Novo segue como o partido mais à direita, e o PSTU, o mais à esquerda, no GPS Partidário, métrica da Folha que ordena as siglas da esquerda à direita. A régua foi atualizada incorporando dados de 2026 e o comportamento recente dos deputados, medido por cinco indicadores: votações na Câmara dos Deput"
poder360-senado-dominado-direita,https://www.poder360.com.br/poder-eleicoes-2026/senado-sera-dominado-pela-direita-a-partir-de-2027/,2026-10-07T17:20:51+00:00,276488,561e4bd641e96f8c120208bb53eb4322b1e9a60d9bd1a4fb37a9faad9177576b,ok,"Senado por senador (Poder360): 49 direita, 27 esquerda, 5 centro","latura, estão: 16 mais à direita ; 8 mais à esquerda ; 3 mais ao centro . Somando os que ficam e os que entram em 2027, a configuração deve ser essa: 49 mais à direita ; 27 mais à esquerda ; 5 mais ao centro . Para aprovar matérias por maioria absoluta, são necessários 41 senadores. Já uma PEC exige 49 votos, equivalentes a três quintos dos 81 integrantes da Casa, em 2 turnos. Nos julgamentos de i"
poder360-49-senadores-direita,https://www.poder360.com.br/poder-eleicoes-2026/49-dos-81-senadores-sao-alinhados-a-partidos-de-direita/,2026-10-07T17:20:51+00:00,276182,e65de6f004f1f2b4261cf20006f85d3b4fae8bf42fdfd1ff1f77557a40b7d0fc,ok,Senado: 49 dos 81 alinhados a partidos de direita (Poder360), 49 dos 81 senadores são alinhados a partidos de direita --> 49 dos 81 senadores são alinhados a partidos de direita --> Ir para o conteúdo 1 Ir para o menu 2 Ir para a busca 3 Ir para o rodapé 4 Disponível em https://www.poder360.com.br/poder-eleicoe
gazeta-composicao-senado-2027,https://www.gazetadopovo.com.br/eleicoes/2026/como-fica-composicao-senado-a-partir-de-2027-apos-recorde-pl/,2026-10-07T17:20:51+00:00,369216,d73591cd17c4758074228d4416dfaaf74642a0f494a09d40bf62c3b96aa0a654,ok,Composição do Senado a partir de 2027 (Gazeta do Povo), Como fica a composição do Senado a partir de 2027 Publicidade Eleições Eleições 2026 Apuração | Eleições 2026 Guia de Candidatos Pesquisa Eleitoral Jogo de forças Como fica a composição do Senado a partir de 2027 com o recorde do PL Por Gustavo Ribeiro 05/10/2026 às 11:23 Dê de presente Prefira
