uf,candidato,partido,fonte
AC,Marcio Bittar,PL,ranking.org.br 2026-09-22
AC,Mara Rocha,Republicanos,ranking.org.br 2026-09-22
AL,Marina Candia,PSDB,ranking.org.br 2026-09-22
AL,Arthur Lira,PP,ranking.org.br 2026-09-22
AP,Lucas Barreto,PSD,ranking.org.br 2026-09-22
AP,Rayssa Furlan,Podemos,ranking.org.br 2026-09-22
AM,Capitao Alberto Neto,PL,ranking.org.br 2026-09-22
BA,Joao Roma,PL,ranking.org.br 2026-09-22
BA,Angelo Coronel,Republicanos,ranking.org.br 2026-09-22
CE,Capitao Wagner,Uniao Brasil,ranking.org.br 2026-09-22
CE,Alcides Fernandes,PL,ranking.org.br 2026-09-22
DF,Bia Kicis,PL,ranking.org.br 2026-09-22
DF,Michelle Bolsonaro,PL,ranking.org.br 2026-09-22
ES,Maguinha Malta,PL,ranking.org.br 2026-09-22
ES,Evair de Melo,Republicanos,ranking.org.br 2026-09-22
GO,Gustavo Gayer,PL,ranking.org.br 2026-09-22
GO,Oseias Varao,PL,ranking.org.br 2026-09-22
MA,Cidonio Goncalves,PL,ranking.org.br 2026-09-22
MT,Jose Medeiros,PL,ranking.org.br 2026-09-22
MS,Capitao Contar,PL,ranking.org.br 2026-09-22
MS,Reinaldo Azambuja,PL,ranking.org.br 2026-09-22
MG,Domingos Savio,PL,ranking.org.br 2026-09-22
PA,Eder Mauro,PL,ranking.org.br 2026-09-22
PA,Zequinha Marinho,Podemos,ranking.org.br 2026-09-22
PB,Marcelo Queiroga,PL,ranking.org.br 2026-09-22
PR,Filipe Barros,PL,ranking.org.br 2026-09-22
PR,Deltan Dallagnol,Novo,ranking.org.br 2026-09-22
PE,Mendonca Filho,PL,ranking.org.br 2026-09-22
PI,Thiago Junqueira,PL,ranking.org.br 2026-09-22
RJ,Carlos Portinho,PL,ranking.org.br 2026-09-22
RJ,Carlos Jordy,PL,ranking.org.br 2026-09-22
RN,Styvenson Valentim,Podemos,ranking.org.br 2026-09-22
RN,Coronel Helio,PL,ranking.org.br 2026-09-22
RS,Ubiratan Sanderson,PL,ranking.org.br 2026-09-22
RS,Marcel van Hattem,Novo,ranking.org.br 2026-09-22
RO,Fernando Maximo,PL,ranking.org.br 2026-09-22
RO,Bruno Scheid,PL,ranking.org.br 2026-09-22
RR,Helio Lopes,PL,ranking.org.br 2026-09-22
RR,Antonio Carlos Nicoletti,PL,ranking.org.br 2026-09-22
SC,Carol de Toni,PL,ranking.org.br 2026-09-22
SC,Carlos Bolsonaro,PL,ranking.org.br 2026-09-22
SP,Guilherme Derrite,PP,ranking.org.br 2026-09-22
SP,Andre do Prado,PL,ranking.org.br 2026-09-22
SE,Coronel Rocha,PL,ranking.org.br 2026-09-22
SE,Rodrigo Valadares,PL,ranking.org.br 2026-09-22
TO,Eduardo Gomes,PL,ranking.org.br 2026-09-22
TO,Carlos Gaguim,Uniao Brasil,ranking.org.br 2026-09-22
