sig,vespera,eleita_2026,eleita_2022,var_vs_vespera,var_vs_2022
PL,98,121,98,23,23
PT,65,70,69,5,1
UNIAO,53,46,57,-7,-11
PSD,48,43,42,-5,1
REPUBLICANOS,44,41,40,-3,1
PP,46,41,47,-5,-6
MDB,39,36,41,-3,-5
PODE,28,27,14,-1,13
PSB,17,15,15,-2,0
PSOL,13,14,13,1,1
PCDOB,11,11,7,0,4
PSDB,18,11,13,-7,-2
NOVO,5,10,3,5,7
PV,6,7,6,1,1
PDT,9,6,16,-3,-10
AVANTE,6,5,7,-1,-2
PRD,3,5,0,2,5
SOLIDARIEDADE,4,2,4,-2,-2
REDE,3,1,2,-2,-1
MISSAO,1,1,0,0,1
AGIR,0,0,0,0,0
DEM,0,0,0,0,0
DC,1,0,0,-1,0
CIDADANIA,2,0,5,-2,-5
PPL,0,0,0,0,0
PATRIOTA,0,0,4,0,-4
MOBILIZA,0,0,0,0,0
PAN,0,0,0,0,0
PHS,0,0,0,0,0
PROS,0,0,3,0,-3
PRONA,0,0,0,0,0
PSL,0,0,0,0,0
PSC,0,0,6,0,-6
PRP,0,0,0,0,0
PSDC,0,0,0,0,0
PRTB,0,0,0,0,0
PTB,0,0,1,0,-1
