ano,classe_r3,cadeiras,pct_cadeiras
2018,coligacao de outro presidenciavel,348,67.84
2018,coligacao do candidato do PT,73,14.23
2018,coligacao do candidato do PL/PSL,52,10.14
2018,sem candidato presidencial,40,7.8
2022,coligacao do candidato do PL/PSL,185,36.06
2022,coligacao de outro presidenciavel,150,29.24
2022,coligacao do candidato do PT,126,24.56
2022,sem candidato presidencial,52,10.14
2026,sem candidato presidencial,209,40.74
2026,coligacao do candidato do PT,124,24.17
2026,coligacao do candidato do PL/PSL,121,23.59
2026,coligacao de outro presidenciavel,59,11.5
