sig,2006,2010,2014,2018,2022,2026
AGIR,0.008533048201229632,0.006053946961059331,0.0034730190596400073,0.006137357994930791,0.0015141898119255088,6.294092792028686e-05
AVANTE,0.003185934669747646,0.0065293516371570035,0.008345683792593471,0.018907426186448986,0.019613515216279236,0.015904059693369568
CIDADANIA,0.039629342507551346,0.025783235937288294,0.020088150467821215,0.016192712963535284,0.01469886854699813,0.002562711793913298
DC,0.0,0.0,0.0,0.0038929606437153514,0.0009585432086934608,0.001006368698244117
DEM,0.10876050051579607,0.07420653841557923,0.0419646874274629,0.04671915824738062,0.0,0.0
DEMOCRATA,0.0,0.0,0.0,0.0,0.0,0.00023922830674943412
MDB,0.14509517859522414,0.12920900457416035,0.11085110943153675,0.055470196910888094,0.0716700489482227,0.06940993579418375
MISSAO,0.0,0.0,0.0,0.0,0.0,0.010763461667994056
MOBILIZA,0.009315904597888695,0.011308004592058525,0.004811990103800557,0.006470234103350562,0.0023996415480803815,0.00030148308618924824
NOVO,0.0,0.0,0.0,0.028025178246686537,0.013167160725876934,0.0256370055146721
PAN,0.00317952560647764,0.0,0.0,0.0,0.0,0.0
PATRIOTA,0.0,0.0,0.006861286745462401,0.014606776189273349,0.01372309782875896,0.0
PCB,0.00040436916524888393,0.0005850501201541488,0.000687984761474957,0.0006255819098310101,0.0009399160190160366,0.0
PCDOB,0.021168324166147487,0.02829494799265953,0.01964981812916011,0.013559135806262576,0.010603087572888893,0.01149182587356664
PCO,0.00025429026700958714,6.768990150316403e-05,0.00013321301260945547,2.8401702213445105e-05,9.699167101411131e-05,2.675099396304575e-05
PDT,0.052748887293150824,0.05027070827958584,0.03624193077249763,0.04652254912099893,0.036455443696268956,0.016436106262548437
PHS,0.004594657458266984,0.007769215163338832,0.009686863241234786,0.014568359955076564,0.0,0.0
PL,0.04374863974308202,0.07479523728567926,0.05788607167922167,0.05328088968367877,0.16616802695181807,0.22717456925423726
PMB,0.0,0.0,0.0,0.0023282461108559945,0.0006343808113959808,0.0
PODE,0.001558833732074985,0.0018760876184183246,0.007428271484688967,0.022877596628174388,0.03246900502980777,0.0517903729480015
PP,0.07114915839652715,0.0732315090881163,0.06604455467338756,0.054774186938045935,0.07824720750829268,0.06696036812534532
PPL,0.0,0.0,0.0014509114722134338,0.0038479666364745185,0.0,0.0
PRD,0.0,0.0,0.0,0.0,0.0,0.01046667605986343
PRONA,0.009627887116100449,0.0,0.0,0.0,0.0,0.0
PROS,0.0,0.0,0.020308251357187813,0.020852101445006203,0.007143412802036117,0.0
PRP,0.002403825997136751,0.003109466736618319,0.007445147803581506,0.008698916185944486,0.0,0.0
PRTB,0.0017683887374599333,0.003232792452059669,0.00466528014473657,0.0069854521994099725,0.0022214772324464552,0.0
PSB,0.06209417744613249,0.06992938022343582,0.06438144120969454,0.055294065564773766,0.038045999704060085,0.04405154174968513
PSC,0.018624118319853382,0.0310589624676876,0.025888879208430592,0.017538219385415107,0.017550545156484812,0.0
PSD,0.0,0.0,0.061300716959028265,0.058628965903812585,0.07476953056216093,0.08261334145873883
PSDB,0.13761300313483307,0.11667529441880195,0.11389938554380892,0.06008521346908048,0.030486855493845312,0.02498154898353744
PSDC,0.003758755381276509,0.0019497435818107314,0.00523788347582815,0.0,0.0,0.0
PSL,0.0019511965854647252,0.005149443193135521,0.008306785058785775,0.11645775846443897,0.0,0.0
PSOL,0.012249546492012571,0.011629409660412062,0.01792885473971981,0.028357442469241746,0.0345863425392467,0.046585268168686154
PSTU,0.0010065006594659062,0.001037911823048515,0.0019359284544330248,0.00042122222916486055,0.0003474727934533492,0.0001644645127040787
PT,0.14943642169179508,0.1685568190811856,0.13922363222057618,0.10200100649105862,0.12764823992468208,0.1300870487547817
PTB,0.04716119889005706,0.04209464225180682,0.040205215626867324,0.020627886068035,0.013008820810599132,0.0
PV,0.036526885886895524,0.037703559719430846,0.02058915013549229,0.01624386662181271,0.008864147865096504,0.011660125780341053
REDE,0.0,0.0,0.0,0.008329643066680987,0.007080999392389172,0.0023181262509509425
REPUBLICANOS,0.0024514987460934755,0.0178920468238084,0.04545023789857515,0.05072572569994975,0.06801170762886324,0.06959815160044265
SOLIDARIEDADE,0.0,0.0,0.02762766390844822,0.019917598758353045,0.015332474692660834,0.008181467342424396
UNIAO,0.0,0.0,0.0,0.0,0.09100870748052356,0.06912540409417232
UP,0.0,0.0,0.0,0.0,0.0005341408261139255,0.0003996463027738019
