uf,nome,partido,campo_r1,origem,sig
AC,MARA ROCHA,REPUBLICANOS,direita,eleito em 2026,REPUBLICANOS
AC,MARCIO BITTAR,PL,direita,eleito em 2026,PL
AL,ARTHUR LIRA,PP,direita,eleito em 2026,PP
AL,MARINA JHC,PSDB,direita,eleito em 2026,PSDB
AM,EDUARDO BRAGA,MDB,direita,eleito em 2026,MDB
AM,PLINIO VALÉRIO,PSDB,direita,eleito em 2026,PSDB
AP,LUCAS BARRETO,PSD,direita,eleito em 2026,PSD
AP,RAYSSA FURLAN,PODE,direita,eleito em 2026,PODE
BA,JAQUES WAGNER,PT,esquerda,eleito em 2026,PT
BA,RUI COSTA,PT,esquerda,eleito em 2026,PT
CE,LUIZIANNE,REDE,centro,eleito em 2026,REDE
CE,CID GOMES,PSB,centro,eleito em 2026,PSB
DF,BIA KICIS,PL,direita,eleito em 2026,PL
DF,MICHELLE BOLSONARO,PL,direita,eleito em 2026,PL
ES,RENATO CASAGRANDE,PSB,centro,eleito em 2026,PSB
ES,EVAIR DE MELO,REPUBLICANOS,direita,eleito em 2026,REPUBLICANOS
GO,GRACINHA CAIADO,UNIÃO,direita,eleito em 2026,UNIAO
GO,GUSTAVO GAYER,PL,direita,eleito em 2026,PL
MA,FUFUCA,PP,direita,eleito em 2026,PP
MA,LAHESIO BONFIM,NOVO,direita,eleito em 2026,NOVO
MG,MARÍLIA CAMPOS,PT,esquerda,eleito em 2026,PT
MG,DOMINGOS SÁVIO,PL,direita,eleito em 2026,PL
MS,REINALDO AZAMBUJA,PL,direita,eleito em 2026,PL
MS,CAPITÃO CONTAR,PL,direita,eleito em 2026,PL
MT,MAURO MENDES,UNIÃO,direita,eleito em 2026,UNIAO
MT,ZÉ MEDEIROS,PL,direita,eleito em 2026,PL
PA,HELDER,MDB,direita,eleito em 2026,MDB
PA,CHICÃO,UNIÃO,direita,eleito em 2026,UNIAO
PB,VENEZIANO,MDB,direita,eleito em 2026,MDB
PB,JOAO AZEVÊDO,PSB,centro,eleito em 2026,PSB
PE,MARÍLIA ARRAES,PDT,esquerda,eleito em 2026,PDT
PE,HUMBERTO COSTA,PT,esquerda,eleito em 2026,PT
PI,JÚLIO CÉSAR O JULIM DO LULA,PSD,direita,eleito em 2026,PSD
PI,MARCELO CASTRO,MDB,direita,eleito em 2026,MDB
PR,FILIPE BARROS,PL,direita,eleito em 2026,PL
PR,DELTAN DALLAGNOL,NOVO,direita,eleito em 2026,NOVO
RJ,CARLOS PORTINHO,PL,direita,eleito em 2026,PL
RJ,CARLOS JORDY,PL,direita,eleito em 2026,PL
RN,SAMANDA DE LULA,PT,esquerda,eleito em 2026,PT
RN,STYVENSON VALENTIM,PODE,direita,eleito em 2026,PODE
RO,BRUNO SCHEID,PL,direita,eleito em 2026,PL
RO,DR. FERNANDO MÁXIMO,PL,direita,eleito em 2026,PL
RR,NICOLETTI,PL,direita,eleito em 2026,PL
RR,TERESA SURITA,MDB,direita,eleito em 2026,MDB
RS,SANDERSON,PL,direita,eleito em 2026,PL
RS,MARCEL VAN HATTEM,NOVO,direita,eleito em 2026,NOVO
SC,CAROL DE TONI,PL,direita,eleito em 2026,PL
SC,CARLOS BOLSONARO,PL,direita,eleito em 2026,PL
SE,DELEGADO ALESSANDRO,MDB,direita,eleito em 2026,MDB
SE,ROGERIO CARVALHO,PT,esquerda,eleito em 2026,PT
SP,ANDRÉ DO PRADO,PL,direita,eleito em 2026,PL
SP,GUILHERME DERRITE,PP,direita,eleito em 2026,PP
TO,EDUARDO GOMES,PL,direita,eleito em 2026,PL
TO,ALEXANDRE GUIMARÃES,MDB,direita,eleito em 2026,MDB
AC,Alan Rick,REPUBLICANOS,direita,mandato ate 2031,REPUBLICANOS
MA,Ana Paula Lobato,PSB,centro,mandato ate 2031,PSB
SP,Astronauta Marcos Pontes,PL,direita,mandato ate 2031,PL
PA,Beto Faro,PT,esquerda,mandato ate 2031,PT
CE,Camilo Santana,PT,esquerda,mandato ate 2031,PT
MG,Cleitinho,REPUBLICANOS,direita,mandato ate 2031,REPUBLICANOS
DF,Damares Alves,REPUBLICANOS,direita,mandato ate 2031,REPUBLICANOS
AP,Davi Alcolumbre,UNIÃO,direita,mandato ate 2031,UNIAO
RR,Dr. Hiran,PP,direita,mandato ate 2031,PP
PB,Efraim Filho,PL,direita,mandato ate 2031,PL
RS,Hamilton Mourão,REPUBLICANOS,direita,mandato ate 2031,REPUBLICANOS
RO,Jaime Bagattoli,PL,direita,mandato ate 2031,PL
SC,Jorge Seif,PL,direita,mandato ate 2031,PL
PI,Jussara Lima,PSD,direita,mandato ate 2031,PSD
SE,Laércio Oliveira,PP,direita,mandato ate 2031,PP
ES,Magno Malta,PL,direita,mandato ate 2031,PL
AM,Omar Aziz,PSD,direita,mandato ate 2031,PSD
BA,Otto Alencar,PSD,direita,mandato ate 2031,PSD
TO,Professora Dorinha Seabra,UNIÃO,direita,mandato ate 2031,UNIAO
AL,Renan Filho,MDB,direita,mandato ate 2031,MDB
RN,Rogerio Marinho,PL,direita,mandato ate 2031,PL
RJ,Romário,S/Partido,sem classificacao,mandato ate 2031,S/PARTIDO
PR,Sergio Moro,PL,direita,mandato ate 2031,PL
PE,Teresa Leitão,PT,esquerda,mandato ate 2031,PT
MS,Tereza Cristina,PP,direita,mandato ate 2031,PP
MT,Wellington Fagundes,PL,direita,mandato ate 2031,PL
GO,Wilder Morais,PL,direita,mandato ate 2031,PL
