nome,uf,partido,campo_r1
Alan Rick,AC,REPUBLICANOS,direita
Ana Paula Lobato,MA,PSB,centro
Astronauta Marcos Pontes,SP,PL,direita
Beto Faro,PA,PT,esquerda
Camilo Santana,CE,PT,esquerda
Cleitinho,MG,REPUBLICANOS,direita
Damares Alves,DF,REPUBLICANOS,direita
Davi Alcolumbre,AP,UNIÃO,direita
Dr. Hiran,RR,PP,direita
Efraim Filho,PB,PL,direita
Hamilton Mourão,RS,REPUBLICANOS,direita
Jaime Bagattoli,RO,PL,direita
Jorge Seif,SC,PL,direita
Jussara Lima,PI,PSD,direita
Laércio Oliveira,SE,PP,direita
Magno Malta,ES,PL,direita
Omar Aziz,AM,PSD,direita
Otto Alencar,BA,PSD,direita
Professora Dorinha Seabra,TO,UNIÃO,direita
Renan Filho,AL,MDB,direita
Rogerio Marinho,RN,PL,direita
Romário,RJ,S/Partido,sem classificacao
Sergio Moro,PR,PL,direita
Teresa Leitão,PE,PT,esquerda
Tereza Cristina,MS,PP,direita
Wellington Fagundes,MT,PL,direita
Wilder Morais,GO,PL,direita
