uf,2018_esq,2018_cen,2018_dir,2026_esq,2026_cen,2026_dir,dif_esq,dif_dir
AC,0,0,2,0,0,2,0,0
AL,0,0,2,0,0,2,0,0
AM,0,0,2,0,0,2,0,0
AP,0,1,1,0,0,2,0,1
BA,1,0,1,2,0,0,1,-1
CE,1,0,1,0,2,0,-1,-1
DF,0,1,1,0,0,2,0,1
ES,0,2,0,0,1,1,0,1
GO,0,0,2,0,0,2,0,0
MA,1,1,0,0,0,2,-1,2
MG,0,0,2,1,0,1,1,-1
MS,0,0,2,0,0,2,0,0
MT,0,0,2,0,0,2,0,0
PA,0,0,2,0,0,2,0,0
PB,0,1,1,0,1,1,0,0
PE,1,0,1,2,0,0,1,-1
PI,0,0,2,0,0,2,0,0
PR,0,1,1,0,0,2,0,1
RJ,0,0,2,0,0,2,0,0
RN,0,1,1,1,0,1,1,0
RO,0,0,2,0,0,2,0,0
RR,0,0,2,0,0,2,0,0
RS,1,0,1,0,0,2,-1,1
SC,0,0,2,0,0,2,0,0
SE,1,1,0,1,0,1,0,1
SP,0,0,2,0,0,2,0,0
TO,0,0,2,0,0,2,0,0
