nome,uf,partido,votos_0,votos_1,razao
SILVYE ALVES,GO,UNIÃO,254653,78332.0,0.30760289491975357
ANDRÉ JANONES,MG,REDE,238967,78780.0,0.3296689501060816
AMOM MANDEL,AM,REPUBLICANOS,288555,119480.0,0.4140631768640294
CELSO RUSSOMANNO,SP,REPUBLICANOS,305520,138827.0,0.4543957842367112
CLARISSA TÉRCIO,PE,PP,240511,110608.0,0.45988748955349235
DELEGADO BRUNO LIMA,SP,PODE,461217,217952.0,0.47255847030790277
MÁRCIO JERRY,MA,PCDOB,106143,54953.0,0.5177260865059401
PASTOR MARCO FELICIANO,SP,PL,220595,122119.0,0.5535891565991976
JUNIO AMARAL,MG,PL,59297,33762.0,0.5693711317604601
JEFFERSON CAMPOS,SP,PL,155336,92286.0,0.5941056805891745
RAFAEL SIMÕES,MG,UNIÃO,144924,86131.0,0.5943184013689934
CÉLIO STUDART,CE,PSD,205106,122415.0,0.5968377326845631
GREYCE ELIAS,MG,PL,110346,66395.0,0.6016982944556214
PAULO FREIRE,SP,PL,161675,99388.0,0.6147394464202877
TALÍRIA PETRONE,RJ,PSOL,198548,122500.0,0.6169792694965449
ADRIANA VENTURA,SP,NOVO,109474,69083.0,0.6310448142938049
FRED COSTA,MG,PRD,158453,100082.0,0.6316194707578904
DIEGO ANDRADE,MG,PSD,170181,109445.0,0.6431093952908962
FELIPE FRANCISCHINI,PR,PODE,164342,106907.0,0.6505153886407613
PAULO ABI-ACKEL,MG,PSDB,105383,68795.0,0.652809276638547
ALUISIO MENDES,MA,REPUBLICANOS,126577,83152.0,0.6569281939056859
SERGIO SOUZA,PR,MDB,105661,69791.0,0.660518071947076
ROSANGELA MORO,PR,PL,217170,146417.0,0.674204540221946
KIKO CELEGUIM,SP,PT,167438,113158.0,0.6758203036347783
AJ ALBUQUERQUE,CE,PP,155456,105259.0,0.6770983429394812
