nome,uf,partido,votos,resultado,votos1,part1
NIKOLAS FERREIRA,MG,PL,1492047,eleito,3119318.0,PL
GUILHERME BOULOS,SP,PSOL,1001472,nao disputou deputado federal,,
CARLA ZAMBELLI,SP,PL,946244,nao disputou deputado federal,,
EDUARDO BOLSONARO,SP,PL,741701,nao disputou deputado federal,,
RICARDO SALLES,SP,PL,640918,nao disputou deputado federal,,
DELEGADO BRUNO LIMA,SP,PP,461217,eleito,217952.0,PODE
DELTAN DALLAGNOL,PR,PODE,344917,nao disputou deputado federal,,
TABATA AMARAL,SP,PSB,337873,eleito,476383.0,PSB
CELSO RUSSOMANNO,SP,REPUBLICANOS,305520,eleito,138827.0,REPUBLICANOS
KIM KATAGUIRI,SP,UNIÃO,295460,eleito,520071.0,MISSÃO
AMOM MANDEL,AM,CIDADANIA,288555,eleito,119480.0,REPUBLICANOS
ANDRÉ FERREIRA,PE,PL,273267,nao disputou deputado federal,,
GLEISI,PR,PT,261247,nao disputou deputado federal,,
TENENTE CORONEL ZUCCO,RS,REPUBLICANOS,259023,nao disputou deputado federal,,
DRA ALESSANDRA HABER,PA,MDB,258907,eleito,272856.0,PODE
MARCEL VAN HATTEM,RS,NOVO,256913,nao disputou deputado federal,,
ERIKA HILTON,SP,PSOL,256903,nao disputou deputado federal,,
DELEGADO PALUMBO,SP,MDB,254898,eleito,303271.0,PODE
SILVYE ALVES,GO,UNIÃO,254653,eleito,78332.0,UNIÃO
FILIPE BARROS,PR,PL,249507,nao disputou deputado federal,,
CLARISSA TÉRCIO,PE,PP,240511,eleito,110608.0,PP
CAPITÃO DERRITE,SP,PL,239772,nao disputou deputado federal,,
ANDRÉ JANONES,MG,AVANTE,238967,eleito,78780.0,REDE
MARINA SILVA,SP,REDE,237526,nao disputou deputado federal,,
BALEIA ROSSI,SP,MDB,236463,eleito,239124.0,MDB
FABIO TERUEL,SP,MDB,235165,nao eleito,75251.0,MDB
MARCOS PEREIRA,SP,REPUBLICANOS,231626,eleito,196681.0,REPUBLICANOS
ANDRÉ FERNANDES,CE,PL,229509,eleito,684372.0,PL
CAROL DE TONI,SC,PL,227632,nao disputou deputado federal,,
SÂMIA BOMFIM,SP,PSOL,226187,eleito,583107.0,PSOL
