ano,candidato,uf,partido,votos,pct_da_lista,cadeiras_da_lista,cadeiras_sem_o_excedente,cadeiras_sem_o_candidato,cadeiras_a_mais_pelo_candidato,quociente_eleitoral_uf,votos_em_quocientes
2026,NIKOLAS FERREIRA,MG,PL,3119318,68.4,21,12,11,10,214720,14.53
2026,LUCAS PAVANATO,SP,PL,3038438,48.4,19,14,14,5,338203,8.98
2026,ERIKA HILTON,SP,PSOL,1596472,53.12,6,5,4,2,338203,4.72
2026,ANDRÉ FERNANDES,CE,PL,684372,62.83,4,3,2,2,250984,2.73
2026,SÂMIA BOMFIM,SP,PSOL,583107,19.4,6,6,5,1,338203,1.72
2026,JULIA ZANATTA,SC,PL,560223,37.29,7,6,5,2,264469,2.12
2026,ANA ELISA,MG,PT,524219,23.56,13,11,10,3,214720,2.44
2026,KIM KATAGUIRI,SP,MISSÃO,520071,81.23,1,1,0,1,338203,1.54
2026,TABATA AMARAL,SP,PSB,476383,50.66,2,2,1,1,338203,1.41
2026,JEFFREY CHIQUINI,PR,NOVO,425399,45.85,4,4,3,1,207241,2.05
2026,LUCAS POLESE,ES,PL,419735,79.54,2,2,0,2,213498,1.97
2026,DELEGADO CAVEIRA,PA,PL,414927,55.89,3,3,1,2,284249,1.46
2026,MAURÍCIO MARCON,RS,PL,379834,29.82,8,7,6,2,196170,1.94
2026,RENATO BOLSONARO,SP,PL,379312,6.04,19,18,18,1,338203,1.12
2026,SARGENTO NANTES,SP,PP,333401,18.85,5,5,4,1,338203,0.99
2022,NIKOLAS FERREIRA,MG,PL,1492047,63.78,11,7,5,6,218393,6.83
2022,GUILHERME BOULOS,SP,PSOL,1001472,44.22,6,5,4,2,346620,2.89
2022,CARLA ZAMBELLI,SP,PL,946244,18.43,17,16,16,1,346620,2.73
2022,EDUARDO BOLSONARO,SP,PL,741701,14.45,17,17,16,1,346620,2.14
2022,RICARDO SALLES,SP,PL,640918,12.48,17,17,16,1,346620,1.85
2022,DELEGADO BRUNO LIMA,SP,PP,461217,39.59,4,3,2,2,346620,1.33
2022,DELTAN DALLAGNOL,PR,PODE,344917,81.39,1,1,0,1,208279,1.66
2022,TABATA AMARAL,SP,PSB,337873,47.88,2,2,1,1,346620,0.97
2022,CELSO RUSSOMANNO,SP,REPUBLICANOS,305520,19.54,5,5,4,1,346620,0.88
2022,KIM KATAGUIRI,SP,UNIÃO,295460,16.39,6,6,5,1,346620,0.85
2022,AMOM MANDEL,AM,CIDADANIA,288555,90.28,1,1,0,1,254737,1.13
2022,ANDRÉ FERREIRA,PE,PL,273267,44.32,4,3,2,2,206490,1.32
2022,GLEISI,PR,PT,261247,28.72,6,6,5,1,208279,1.25
2022,TENENTE CORONEL ZUCCO,RS,REPUBLICANOS,259023,47.77,2,2,1,1,208807,1.24
2022,DRA ALESSANDRA HABER,PA,MDB,258907,17.39,9,9,7,2,274088,0.94
