partido,lei 14.211 (80% e 20% nas sobras): regra aplicada,"todos os partidos, candidato com 10%",todos os partidos e candidatos,dif_vs_aplicada_todos_partidos_10pct,dif_vs_aplicada_todos_e_todos
PL,121,126,128,5,7
PT,70,67,67,-3,-3
UNIAO,46,45,43,-1,-3
PSD,43,41,41,-2,-2
PP,41,41,41,0,0
REPUBLICANOS,41,39,38,-2,-3
MDB,36,35,34,-1,-2
PODE,27,26,26,-1,-1
PSB,15,16,16,1,1
PSOL,14,15,18,1,4
PCDOB,11,10,10,-1,-1
PSDB,11,11,11,0,0
NOVO,10,11,10,1,0
PV,7,7,6,0,-1
PDT,6,6,6,0,0
AVANTE,5,7,7,2,2
PRD,5,5,5,0,0
SOLIDARIEDADE,2,2,2,0,0
MISSAO,1,2,2,1,1
REDE,1,1,2,0,1
