uf,2006,2010,2014,2018,2022,2026,var_2022_2026
AC,19.0,22.73,17.32,18.99,22.44,20.44,-2.0
AL,18.59,22.11,19.18,22.6,22.39,20.64,-1.75
AM,17.75,20.03,21.98,19.35,20.15,20.16,0.02
AP,14.28,14.88,10.44,16.69,19.52,17.41,-2.11
BA,20.68,21.56,23.19,20.74,21.35,19.98,-1.38
CE,17.38,20.05,20.12,17.33,17.46,15.53,-1.93
DF,13.88,15.44,11.67,18.73,17.61,18.99,1.38
ES,16.83,17.4,18.91,19.26,20.77,21.39,0.61
GO,17.14,17.97,18.83,20.2,21.73,21.84,0.11
MA,20.84,23.97,23.63,20.54,22.21,19.74,-2.47
MG,17.89,18.43,20.02,22.2,22.29,22.82,0.53
MS,17.44,18.13,20.53,21.22,22.1,23.88,1.78
MT,20.13,20.96,22.91,24.56,23.4,22.21,-1.18
PA,19.82,21.18,21.1,19.95,21.23,19.1,-2.12
PB,16.3,18.48,17.65,15.04,17.31,17.4,0.09
PE,18.25,19.41,16.52,17.9,18.21,18.18,-0.04
PI,16.15,19.83,18.9,15.71,17.7,17.15,-0.54
PR,16.2,16.46,16.85,16.96,19.5,20.59,1.09
RJ,15.02,17.37,20.11,23.6,22.76,23.33,0.57
RN,14.81,16.37,16.83,17.12,18.18,18.39,0.21
RO,20.5,21.51,21.36,22.31,24.66,21.71,-2.95
RR,14.71,13.98,12.43,13.93,23.35,17.14,-6.21
RS,13.85,14.86,16.8,18.14,19.79,21.36,1.56
SC,13.92,14.03,16.41,16.31,18.46,18.97,0.51
SE,14.48,16.87,14.7,18.83,18.36,17.32,-1.04
SP,15.21,16.44,19.52,21.53,21.63,22.56,0.93
TO,18.2,18.49,24.93,19.98,18.55,18.35,-0.2
