instituto,uf,candidato,partido,pct_poll
Quaest,AC,Mailza Assis,PP,41
Quaest,AC,Alan Rick,Republicanos,37
Quaest,AC,Tião Bocalom,PSDB,16
Quaest,AC,Thor Dantas,PSB,5
Quaest,AP,Dr Furlan,PSD,53
Quaest,AP,Clécio Luís,União Brasil,47
Quaest,AM,Omar Aziz,PSD,40
Quaest,AM,Professora Maria do Carmo,PL,25
Quaest,AM,David Almeida,Avante,11
Quaest,PA,Dr Daniel,Podemos,57
Quaest,PA,Hana Ghassan,MDB,40
Quaest,RO,Marcos Rogério,PL,53
Quaest,RO,Adailton Furia,PSD,24
Quaest,RO,Hildon Chaves,União,15
Quaest,RO,Expedito Netto,PT,7
Quaest,RR,Arthur Henrique,PL,64
Quaest,RR,Soldado Sampaio,Republicanos,34
Quaest,TO,Professora Dorinha,União,46
Quaest,TO,Vicentinho Júnior,PSDB,41
Quaest,TO,Laurez Moreira,PSD,11
Quaest,AL,Renan Filho,MDB,50
Quaest,AL,JHC,PSDB,49
Quaest,BA,Jerônimo Rodrigues,PT,52
Quaest,BA,ACM Neto,União Brasil,48
Quaest,CE,Elmano de Freitas,PT,50
Quaest,CE,Ciro Gomes,PSDB,49
Quaest,MA,Eduardo Braide,PSD,52
Quaest,MA,Orleans Brandão,MDB,35
Quaest,MA,Felipe Camarão,PT,10
Quaest,PB,Lucas Ribeiro,PP,61
Quaest,PB,Efraim Filho,PL,23
Quaest,PB,Cícero Lucena,MDB,16
Datafolha,PE,Raquel Lyra,PSD,49
Datafolha,PE,João Campos,PSB,48
Quaest,PE,Raquel Lyra,PSD,52
Quaest,PE,João Campos,PSB,47
Datafolha,PI,Rafael Fonteles,PT,67
Datafolha,PI,Joel Rodrigues,PP,28
Quaest,RN,Allyson,União Brasil,37
Quaest,RN,Cadu de Lula,PT,32
Quaest,RN,Álvaro Dias,PL,29
Quaest,SE,Fábio,PSD,55
Quaest,SE,Valmir de Francisquinho,Republicanos,44
Quaest,GO,Daniel Vilela,MDB,57
Quaest,GO,Wilder Morais,PL,20
Quaest,GO,Marconi Perillo,PSDB,18
Quaest,MT,Otaviano Pivetta,Republicanos,54
Quaest,MT,Wellington Fagundes,PL,28
Quaest,MT,Doutora Natasha,PSD,13
Quaest,MS,Eduardo Riedel,PP,67
Quaest,MS,Fábio Trad,PT,23
Datafolha,DF,Celina Leão,PP,55
Datafolha,DF,Leandro Grass,PT,27
Datafolha,DF,Paula Belmonte,PSDB,10
Quaest,DF,Celina Leão,PP,53
Quaest,DF,Leandro Grass,PT,32
Quaest,DF,Paula Belmonte,PSDB,10
Quaest,ES,Lorenzo Pazolini,Republicanos,45
Quaest,ES,Ricardo Ferraço,MDB,41
Quaest,ES,Helder Salomão,PT,12
Datafolha,MG,Cleitinho Azevedo,Republicanos,53
Datafolha,MG,Patrus Ananias,PT,21
Datafolha,MG,Alexandre Kalil,PDT,9
Quaest,MG,Cleitinho Azevedo,Republicanos,54
Quaest,MG,Patrus Ananias,PT,23
Quaest,MG,Alexandre Kalil,PDT,10
Datafolha,RJ,Eduardo Paes,PSD,46
Datafolha,RJ,Douglas Ruas,PL,38
Datafolha,RJ,Anthony Garotinho,Republicanos,7
Quaest,RJ,Eduardo Paes,PSD,49
Quaest,RJ,Douglas Ruas,PL,40
Quaest,RJ,Anthony Garotinho,Republicanos,6
Datafolha,SP,Tarcísio de Freitas,Republicanos,60
Datafolha,SP,Fernando Haddad,PT,35
Quaest,SP,Tarcísio de Freitas,Republicanos,60
Quaest,SP,Fernando Haddad,PT,36
Quaest,PR,Sergio Moro,PL,43
Quaest,PR,Sandro Alex,PSD,29
Quaest,PR,Requião Filho,PDT,27
Quaest,RS,Zucco,PL,52
Quaest,RS,Juliana Brizola,PDT,35
Quaest,RS,Gabriel Souza,MDB,12
Quaest,SC,Jorginho Mello,PL,71
Quaest,SC,João Rodrigues,PSD,14
Quaest,SC,Gelson Merísio,PSB,12
