instituto,uf,vencedor_urna,pct_urna_1,pct_poll_1,erro_vencedor_pp,erro_margem_pp_com_sinal_do_vencedor,margem_decl
Datafolha,DF,CELINA LEÃO,49.93,55,5.07,12.54,2.0
Datafolha,PE,RAQUEL LYRA,53.27,49,-4.27,-7.45,3.0
Datafolha,PI,RAFAEL FONTELES,70.9,67,-3.9,-4.36,2.0
Datafolha,RJ,DOUGLAS RUAS,49.27,38,-11.27,-14.51,2.0
Datafolha,SP,TARCÍSIO,62.65,60,-2.65,-1.23,2.0
Quaest,AC,MAILZA ASSIS,49.76,41,-8.76,-13.49,2.0
Quaest,AL,JHC,52.2,49,-3.2,-5.83,2.0
Quaest,AP,DR. FURLAN,62.75,53,-9.75,-19.78,2.0
Quaest,BA,JERÔNIMO RODRIGUES,55.8,52,-3.8,-8.08,2.0
Quaest,CE,ELMANO DE FREITAS,53.19,50,-3.19,-5.97,2.0
Quaest,DF,CELINA LEÃO,49.93,53,3.07,5.54,2.0
Quaest,ES,LORENZO PAZOLINI,49.65,45,-4.65,-11.59,2.0
Quaest,GO,DANIEL VILELA,59.17,57,-2.17,-0.21,2.0
Quaest,MA,EDUARDO BRAIDE,54.02,52,-2.02,-2.26,2.0
Quaest,MT,OTAVIANO PIVETTA,60.77,54,-6.77,-11.58,2.0
Quaest,PA,DR. DANIEL,51.36,57,5.64,12.17,2.0
Quaest,PB,LUCAS RIBEIRO,64.3,61,-3.3,-2.12,2.0
Quaest,PR,SERGIO MORO,50.1,43,-7.1,-10.73,2.0
Quaest,RJ,DOUGLAS RUAS,49.27,40,-9.27,-15.51,2.0
Quaest,RN,ALLYSON,36.94,37,0.06,4.22,2.0
Quaest,RO,MARCOS ROGÉRIO,56.86,53,-3.86,-7.8,2.0
Quaest,RR,ARTHUR HENRIQUE,69.13,64,-5.13,-9.88,2.0
Quaest,RS,ZUCCO,58.05,52,-6.05,-9.4,2.0
Quaest,SC,JORGINHO MELLO,68.98,71,2.02,5.68,2.0
Quaest,SE,FÁBIO,59.27,55,-4.27,-10.79,2.0
Quaest,SP,TARCÍSIO,62.65,60,-2.65,-2.23,2.0
