ano,uf,subestimou_direita_pp,institutos
2018,AC,0.22,1
2018,AL,12.51,1
2018,BA,5.3,1
2018,ES,20.64,1
2018,GO,4.96,1
2018,MG,30.76,2
2018,PA,11.73,1
2018,PE,0.62,2
2018,PR,-5.38,1
2018,RJ,-36.78,2
2018,RO,27.23,1
2018,RR,15.44,1
2018,SC,15.89,1
2022,AC,0.73,1
2022,AL,2.62,1
2022,AM,2.53,1
2022,BA,-20.68,2
2022,CE,-14.52,1
2022,ES,26.83,1
2022,MG,5.59,3
2022,PA,14.17,1
2022,PI,-17.87,1
2022,RJ,16.77,3
2022,RS,20.58,1
2022,SC,7.25,1
2022,SP,13.21,3
2026,AM,-1.14,1
2026,AP,-19.78,1
2026,BA,-8.08,1
2026,DF,-9.04,2
2026,ES,11.59,1
2026,GO,-0.21,1
2026,MG,-2.44,2
2026,MS,-0.61,1
2026,PI,-4.36,1
2026,PR,10.73,1
2026,RJ,15.01,2
2026,RN,-4.22,1
2026,RO,7.8,1
2026,RS,9.4,1
2026,SC,-5.68,1
2026,SE,-10.79,1
2026,SP,1.73,2
2026,TO,-3.42,1
