de,para,uf,governador,campo_r1,tentou_o_cargo,venceu_ou_foi_ao_2o_turno
2018,2022,AC,GLADSON CAMELI,direita,True,True
2018,2022,AL,RENAN FILHO,direita,False,False
2018,2022,AM,WILSON LIMA,direita,True,True
2018,2022,AP,WALDEZ,esquerda,False,False
2018,2022,BA,RUI COSTA,esquerda,False,False
2018,2022,CE,CAMILO,esquerda,False,False
2018,2022,DF,IBANEIS,direita,False,False
2018,2022,ES,RENATO CASAGRANDE,centro,True,True
2018,2022,GO,RONALDO CAIADO,direita,True,True
2018,2022,MA,FLÁVIO DINO,esquerda,False,False
2018,2022,MG,ROMEU ZEMA,direita,False,False
2018,2022,MS,REINALDO AZAMBUJA,direita,False,False
2018,2022,MT,MAURO MENDES,direita,True,True
2018,2022,PA,HELDER,direita,True,True
2018,2022,PB,JOÃO,centro,True,True
2018,2022,PE,PAULO CÂMARA,centro,False,False
2018,2022,PI,WELLINGTON DIAS,esquerda,False,False
2018,2022,PR,RATINHO JUNIOR,direita,False,False
2018,2022,RJ,WILSON WITZEL,direita,False,False
2018,2022,RN,FATIMA BEZERRA,esquerda,True,True
2018,2022,RO,CORONEL MARCOS ROCHA,direita,True,True
2018,2022,RR,ANTONIO DENARIUM,direita,True,True
2018,2022,RS,EDUARDO LEITE,direita,True,True
2018,2022,SC,COMANDANTE MOISÉS,direita,False,False
2018,2022,SE,BELIVALDO,direita,False,False
2018,2022,SP,JOÃO DORIA,direita,False,False
2018,2022,TO,MAURO CARLESSE,direita,False,False
2022,2026,AC,GLADSON CAMELI,direita,False,False
2022,2026,AL,PAULO DANTAS,direita,False,False
2022,2026,AM,WILSON LIMA,direita,False,False
2022,2026,AP,CLÉCIO,direita,True,False
2022,2026,BA,JERÔNIMO,esquerda,False,False
2022,2026,CE,ELMANO DE FREITAS,esquerda,True,True
2022,2026,DF,IBANEIS ROCHA,direita,False,False
2022,2026,ES,RENATO CASAGRANDE,centro,False,False
2022,2026,GO,RONALDO CAIADO,direita,False,False
2022,2026,MA,CARLOS BRANDÃO,centro,False,False
2022,2026,MG,ZEMA,direita,False,False
2022,2026,MS,EDUARDO RIEDEL,direita,True,True
2022,2026,MT,MAURO MENDES,direita,False,False
2022,2026,PA,HELDER,direita,False,False
2022,2026,PB,JOÃO,centro,False,False
2022,2026,PE,RAQUEL LYRA,direita,True,True
2022,2026,PI,RAFAEL FONTELES,esquerda,True,True
2022,2026,PR,CARLOS MASSA RATINHO JUNIOR,direita,False,False
2022,2026,RJ,CLÁUDIO CASTRO,direita,False,False
2022,2026,RN,FATIMA BEZERRA,esquerda,False,False
2022,2026,RO,CORONEL MARCOS ROCHA,direita,False,False
2022,2026,RR,ANTONIO DENARIUM,direita,False,False
2022,2026,RS,EDUARDO LEITE,direita,False,False
2022,2026,SC,JORGINHO MELLO,direita,True,True
2022,2026,SE,FÁBIO,direita,True,True
2022,2026,SP,TARCÍSIO,direita,True,True
2022,2026,TO,WANDERLEI BARBOSA,direita,False,False
