ano,partido,nota_r1,pct_votos,pct_cadeiras
2018,AGIR,7.86,0.61,0.39
2018,AVANTE,6.32,1.89,1.36
2018,CIDADANIA,4.92,1.62,1.56
2018,DC,8.11,0.39,0.19
2018,DEM,8.57,4.67,5.65
2018,MDB,7.01,5.55,6.63
2018,MOBILIZA,6.88,0.65,0.58
2018,NOVO,8.13,2.8,1.56
2018,PATRIOTA,8.55,1.46,0.97
2018,PCDOB,1.92,1.36,1.75
2018,PDT,3.92,4.65,5.46
2018,PHS,6.96,1.46,1.17
2018,PL,7.78,5.33,6.43
2018,PODE,7.24,2.29,2.14
2018,PP,8.2,5.48,7.21
2018,PPL,7.27,0.38,0.19
2018,PROS,7.47,2.09,1.56
2018,PRP,7.59,0.87,0.78
2018,PRTB,7.45,0.7,0.0
2018,PSB,4.05,5.53,6.24
2018,PSC,8.33,1.75,1.36
2018,PSD,7.09,5.86,6.82
2018,PSDB,7.11,6.01,5.85
2018,PSL,8.11,11.65,10.14
2018,PSOL,1.28,2.84,1.95
2018,PT,2.97,10.2,10.92
2018,PTB,6.1,2.06,1.95
2018,PV,5.29,1.62,0.78
2018,REDE,4.77,0.83,0.19
2018,REPUBLICANOS,7.78,5.07,5.65
2018,SOLIDARIEDADE,6.5,1.99,2.53
2022,AGIR,7.86,0.15,0.0
2022,AVANTE,6.32,1.96,1.36
2022,CIDADANIA,4.92,1.47,0.97
2022,MDB,7.01,7.17,7.99
2022,MOBILIZA,6.88,0.24,0.0
2022,NOVO,8.13,1.32,0.58
2022,PATRIOTA,8.55,1.37,0.78
2022,PCDOB,1.92,1.06,1.36
2022,PDT,3.92,3.65,3.12
2022,PL,7.78,16.62,19.1
2022,PODE,7.24,3.25,2.73
2022,PP,8.2,7.82,9.16
2022,PROS,7.47,0.71,0.58
2022,PRTB,7.45,0.22,0.0
2022,PSB,4.05,3.8,2.92
2022,PSC,8.33,1.76,1.17
2022,PSD,7.09,7.48,8.19
2022,PSDB,7.11,3.05,2.53
2022,PSOL,1.28,3.46,2.53
2022,PT,2.97,12.76,13.45
2022,PTB,6.1,1.3,0.19
2022,PV,5.29,0.89,1.17
2022,REDE,4.77,0.71,0.39
2022,REPUBLICANOS,7.78,6.8,7.8
2022,SOLIDARIEDADE,6.5,1.53,0.78
2022,UNIAO,8.274691358024691,9.1,11.11
2026,AVANTE,6.32,1.59,0.97
2026,CIDADANIA,4.92,0.26,0.0
2026,DC,8.11,0.1,0.0
2026,MDB,7.01,6.94,7.02
2026,MISSAO,,1.08,0.19
2026,NOVO,8.13,2.56,1.95
2026,PCDOB,1.92,1.15,2.14
2026,PDT,3.92,1.64,1.17
2026,PL,7.78,22.72,23.59
2026,PODE,7.24,5.18,5.26
2026,PP,8.2,6.7,7.99
2026,PRD,8.06,1.05,0.97
2026,PSB,4.05,4.41,2.92
2026,PSD,7.09,8.26,8.38
2026,PSDB,7.11,2.5,2.14
2026,PSOL,1.28,4.66,2.73
2026,PT,2.97,13.01,13.65
2026,PV,5.29,1.17,1.36
2026,REDE,4.77,0.23,0.19
2026,REPUBLICANOS,7.78,6.96,7.99
2026,SOLIDARIEDADE,6.5,0.82,0.39
2026,UNIAO,8.274691358024691,6.91,8.97
