uf,nome,partido,posicao
AC,Márcio Bittar,PL,a favor
AC,Eduardo Velloso,Solidariedade,a favor
AC,Mara Rocha,Republicanos,pretende discutir reforma do stf
AC,Sérgio Petecão,PSD,não se posicionou
AC,Gladson Cameli,PP,não se posicionou
AC,Inácio Moreira,PSOL,não foi localizado
AC,Jorge Viana,PT,não foi localizado
AL,Davi Filho,Republicanos,a favor
AL,Arthur Lira,PP,neutro
AL,Renan Calheiros,MDB,não se posicionou
AL,Marina Candia,PSDB,não se posicionou
AL,Dr. Wanderley,MDB,não foi localizado
AM,Capitão Alberto Neto,PL,a favor
AM,Plínio Valério,PSDB,a favor
AM,Wilson Lima,União,a favor
AM,Eduardo Braga,MDB,não se posicionou
AM,Ismael Munduruku,Rede,não foi localizado
AM,Professora Evany,PSOL,não foi localizado
AP,Rayssa Furlan,Podemos,não se posicionou
AP,Lucas Barreto,PSD,não se posicionou
AP,Randolfe Rodrigues,PT,não se posicionou
AP,Alliny Serrão,União,não se posicionou
AP,Acácio Favacho,MDB,não se posicionou
AP,Capi,PSB,não foi localizado
BA,João Roma,PL,a favor
BA,Angelo Coronel,Republicanos,neutro
BA,Jaques Wagner,PT,contra
BA,Rui Costa,PT,não se posicionou
BA,Marcelo Carvalho,Rede,não foi localizado
BA,Professora Delliana,PSOL,não foi localizado
CE,Capitão Wagner,União,a favor
CE,Alcides Fernandes,PL,a favor
CE,Guilherme Theóphilo,Novo,a favor
CE,Cid Gomes,PSB,contra
CE,Luizianne Lins,Rede,não se posicionou
DF,Bia Kicis,PL,a favor
DF,Leila Barros,PDT,pretende discutir reforma do stf
DF,Michelle Bolsonaro,PL,a favor
DF,Ronaldo Fonseca,PSD,a favor
DF,Sebastião Coelho,Novo,a favor
DF,Erika Kokay,PT,contra
DF,Guto Felício dos Santos,PSDB,não se posicionou
DF,Marley,Avante,não se posicionou
ES,Evair de Melo,Republicanos,a favor
ES,Leonardo Monjardim,Novo,a favor
ES,Maguinha Malta,PL,a favor
ES,Marcos do Val,Avante,a favor
ES,Sergio Meneguelli,PSD,a favor
ES,Paulo Hartung,PSD,não se posicionou
ES,Professor Fabian,PSOL,não foi localizado
ES,Renato Casagrande,PSB,contra
ES,Fabiano Contarato,PT,contra
ES,Rose de Freitas,MDB,não se posicionou
GO,Delegado Humberto Teófilo,Novo,a favor
GO,Gracinha Caiado,União,a favor
GO,Gustavo Gayer,PL,a favor
GO,Gustavo Mendanha,PRD,a favor
GO,Vanderlan Cardoso,PSD,a favor
GO,Oséias Varão,PL,a favor
GO,Zacharias Calil,MDB,a favor
GO,Alexandre Baldy,PP,não se posicionou
GO,Isaura Lemos,PSB,não foi localizada
GO,Iure Castro,Cidadania,não foi localizada
GO,Cintia Dias,PSOL,não foi localizada
MA,Cidônio Gonçalves,PL,a favor
MA,Lahesio Bonfim,Novo,a favor
MA,Weverton Rocha,PDT,não se posicionou
MA,Eliziane Gama,PT,contra
MA,André Fufuca,PP,não foi localizado
MA,Roseana Sarney,MDB,não foi localizado
MA,Enilton Rodrigues,PSOL,não foi localizado
MT,Antônio Galvan,Avante,a favor
MT,Carlos Fávaro,PSD,a favor
MT,Janaína Riva,MDB,a favor
MT,Zé Medeiros,PL,a favor
MT,Mauro Mendes,União,a favor
MT,Margareth Buzetti,PP,a favor
MT,Pedro Taques,PSB,pretende discutir reforma do stf
MS,Capitão Contar,PL,a favor
MS,Reinaldo Azambuja,PL,a favor
MS,Roberto Oshiro,Novo,a favor
MS,Beto do Movimento,PSOL,não foi localizado
MS,Soraya Thronicke,PSB,contra
MS,Valter da Comagran,PRD,não foi localizado
MS,Vander Loubet,PT,não se posicionou
MG,Carlin Moura,Avante,a favor
MG,Carlos Viana,PSD,a favor
MG,Domingos Sávio,PL,a favor
MG,Manoel Carvalho,MDB,a favor
MG,Marcelo Aro,PP,a favor
MG,Marco Antônio Costa,Novo,a favor
MG,Aécio Neves,PSDB,pretende discutir reforma do stf
MG,Arcanjo Pimenta,MDB,pretende discutir reforma do stf
MG,Marília Campos,PT,pretende discutir assunto.
MG,Áurea Carolina,PSOL,a favor
PA,Delegado Éder Mauro,PL,a favor
PA,Zequinha Marinho,Podemos,a favor
PA,Helder Barbalho,MDB,não se posicionou
PA,Celso Sabino,PDT,não se posicionou
PA,Chicão Melo,União,não se posicionou
PA,Lívia Noronha,Solidariedade,não se posicionou
PA,Conti,PSOL,não foi localizado
PA,Gizelle Freitas,PSOL,não foi localizado
PB,André Gadelha,MDB,a favor
PB,Marcelo Queiroga,PL,a favor
PB,Major Fábio,Novo,a favor
PB,Veneziano Vital,MDB,não se posicionou
PB,João Azevêdo,PSB,não se posicionou
PB,Nabor Wanderley,Republicanos,não se posicionou
PR,Alexandre Curi,PSD,a favor
PR,Cristina Graeml,PSD,a favor
PR,Deltan Dallagnol,Novo,a favor
PR,Filipe Barros,PL,a favor
PR,Karen Guerreiro,Missão,a favor
PR,Dr. Rosinha,PT,contra
PR,Gleisi Hoffmann,PT,contra
PE,Carlos Sant'anna,Novo,a favor
PE,Mendonça Filho,PL,a favor
PE,Eduardo da Fonte,PP,não se posicionou
PE,Marília Arraes,PDT,contra
PE,Humberto Costa,PT,contra
PE,Túlio Gadelha,PSD,não se posicionou
PE,Paulo Rubem Santiago,Rede,não foi localizado
PI,Antônio Barros,Novo,a favor
PI,Antônio José Lira,Avante,a favor
PI,Tiago Junqueira,PL,a favor
PI,Ciro Nogueira,PP,contra
PI,Jorge Lopes,PSDB,neutro
PI,Alexandre Mariano,Avante,não se posicionou
PI,Marcelo Castro,MDB,não se posicionou
PI,Francinaldo Leão,PSOL,não foi localizado
PI,Júlio César,PSD,não foi localizado
PI,Maria Madalena Nunes,PSOL,não foi localizado
PI,Pastor Sena,Avante,não foi localizado
RJ,Carlos Jordy,PL,a favor
RJ,Carlos Portinho,PL,a favor
RJ,Hélio Secco,Missão,a favor
RJ,Marcos Dias,Podemos,pretende discutir a reforma do stf
RJ,Marcelo Crivella,Republicanos,neutro
RJ,Waguinho,Republicanos,neutro
RJ,Benedita da Silva,PT,não se posicionou
RJ,Mônica Benicio,PSOL,não se posicionou
RJ,Pedro Paulo,PSD,não se posicionou
RN,Coronel Hélio,PL,a favor
RN,Styvenson Valentim,Podemos,a favor
RN,Dra. Zenaide Maia,PSD,não se posicionou
RN,Rafael Motta,PDT,não foi localizado
RN,Samanda de Lula,PT,não foi localizado
RN,Sandro Pimentel,PSOL,não foi localizado
RN,Sonia Godeiro,PSOL,não foi localizado
RN,Tércio Tinôco,União,não foi localizado
RS,Frederico Antunes,PSD,a favor
RS,Germano Rigotto,MDB,a favor
RS,Marcel van Hattem,Novo,a favor
RS,Milton Cardoso,PSDB,a favor
RS,Renato Jaguarão,Cidadania,a favor
RS,Ubiratan Sanderson,PL,a favor
RS,Manuela D'Avila,PSOL,contra
RS,Paulo Pimenta,PT,contra
RO,Bruno Scheid,PL,a favor
RO,Fernando Máximo,PL,a favor
RO,Mariana Carvalho,Republicanos,a favor
RO,Silvia Cristina,PP,a favor
RO,Luís Fernando,PSD,a favor
RO,Engenheiro Thúlio,Missão,a favor
RO,Neidinha Suruí,PSB,pretende discutir o tema
RO,Luciana Oliveira,PT,pretende discutir o tema
RO,Acir Gurgacz,PDT,não se posicionou
RO,Aires Mota,PV,não foi localizado
RR,Chico Rodrigues,PSB,a favor
RR,Hélio Lopes,PL,a favor
RR,Nicoletti,PL,a favor
RR,Pastor Isamar,União,a favor
RR,Teresa Surita,MDB,a favor
RR,Hilton Xavier,Avante,neutro
RR,Helena Lima,PSD,não se posicionou
RR,Bartô Macuxi,PSOL,não foi localizado
RR,Mário Rocha,PSOL,não foi localizado
SC,Carlos Bolsonaro,PL,a favor
SC,Caroline De Toni,PL,a favor
SC,Esperidião Amin,PP,a favor
SC,Jeferson Rocha,PRD,a favor
SC,Lunelli,MDB,a favor
SC,Túlio de Amorim,Missão,a favor
SC,Décio Lima,PT,não se posicionou
SC,Afrânio Boppré,PSOL,contra
SP,André do Prado,PL,a favor
SP,Geraldo Rufino,Podemos,a favor
SP,Guilherme Derrite,PP,a favor
SP,Guto Schiavetto,Missão,a favor
SP,Ricardo Salles,Novo,a favor
SP,Soninha Francine,Cidadania,a favor
SP,Marina Silva,Rede,não se posicionou
SP,Simone Tebet,PSB,contra
SE,Alessandro Vieira,MDB,a favor
SE,Rodrigo Valadares,PL,a favor
SE,Coronel Rocha,PL,a favor
SE,Delegado André David,Republicanos,a favor
SE,Rogério Carvalho,PT,contra
SE,André Moura,União,não se posicionou
SE,Iran Barbosa,PSOL,não se posicionou
SE,Eduardo Amorim,Republicanos,não se posicionou
SE,Edvaldo Nogueira,PDT,não se posicionou
TO,Coronel Nilton Santos,Novo,a favor
TO,Eduardo Gomes,PL,a favor
TO,Eli Borges,Republicanos,a favor
TO,Alexandre Guimarães,MDB,não se posicionou
TO,Carlos Gaguim,União,não se posicionou
TO,Vanderlei Luxemburgo,Podemos,não se posicionou
TO,Fábio Ribeiro,Rede,não foi localizado
TO,Paulo Mourão,PT,não foi localizado
TO,Professor Osvaldo,PSOL,não foi localizado
TO,Ronaldo Dimas,Podemos,não foi localizado
