partido,grupo,agrupamento_em_3
PL,direita,direita
NOVO,direita,direita
MISSAO,direita,direita
PP,centro-direita,direita
REPUBLICANOS,centro-direita,direita
UNIAO,centro-direita,direita
PRD,centro-direita,direita
MDB,centro,centro
PSD,centro,centro
SOLIDARIEDADE,centro,centro
AVANTE,centro,centro
MOBILIZA,centro,centro
DEMOCRATA,centro,centro
PSDB,centro,centro
CIDADANIA,centro,centro
AGIR,centro,centro
PODE,centro,centro
DC,centro,centro
PRTB,centro,centro
PSB,centro-esquerda,esquerda
PDT,centro-esquerda,esquerda
REDE,centro-esquerda,esquerda
PT,esquerda,esquerda
PCDOB,esquerda,esquerda
PV,esquerda,esquerda
PSOL,esquerda,esquerda
PCB,esquerda,esquerda
PSTU,esquerda,esquerda
UP,esquerda,esquerda
PCO,esquerda,esquerda
