uf,situacao,nome,partido,grupo,apoio,aptos
AC,2o turno em disputa,,,em 2o turno,em 2o turno,613316
AL,eleito no 1o turno,JHC,PSDB,centro,neutro,2439190
AM,2o turno em disputa,,,em 2o turno,em 2o turno,2796053
AP,eleito no 1o turno,DR. FURLAN,PSD,centro,neutro,576359
BA,eleito no 1o turno,JERÔNIMO RODRIGUES,PT,esquerda,Lula,11304314
CE,eleito no 1o turno,ELMANO DE FREITAS,PT,esquerda,Lula,6991044
DF,2o turno em disputa,,,em 2o turno,em 2o turno,2243988
ES,2o turno em disputa,,,em 2o turno,em 2o turno,2987584
GO,eleito no 1o turno,DANIEL VILELA,MDB,centro,Caiado,5074870
MA,eleito no 1o turno,EDUARDO BRAIDE,PSD,centro,neutro,5180851
MG,eleito no 1o turno,CLEITINHO AZEVEDO,REPUBLICANOS,centro-direita,Flavio,16361188
MS,eleito no 1o turno,EDUARDO RIEDEL,PP,centro-direita,Flavio,2021869
MT,eleito no 1o turno,OTAVIANO PIVETTA,REPUBLICANOS,centro-direita,Flavio,2634992
PA,eleito no 1o turno,DR. DANIEL,PODE,centro,Flavio,6258162
PB,eleito no 1o turno,LUCAS RIBEIRO,PP,centro-direita,Lula,3241966
PE,eleito no 1o turno,RAQUEL LYRA,PSD,centro,neutro,7216989
PI,eleito no 1o turno,RAFAEL FONTELES,PT,esquerda,Lula,2703064
PR,eleito no 1o turno,SERGIO MORO,PL,direita,Flavio,8600624
RJ,2o turno em disputa,,,em 2o turno,em 2o turno,12842517
RN,2o turno em disputa,,,em 2o turno,em 2o turno,2656207
RO,eleito no 1o turno,MARCOS ROGÉRIO,PL,direita,Flavio,1265008
RR,eleito no 1o turno,ARTHUR HENRIQUE,PL,direita,Flavio,400603
RS,eleito no 1o turno,ZUCCO,PL,direita,Flavio,8516465
SC,eleito no 1o turno,JORGINHO MELLO,PL,direita,Flavio,5719541
SE,eleito no 1o turno,FÁBIO,PSD,centro,Lula,1737460
SP,eleito no 1o turno,TARCÍSIO,REPUBLICANOS,centro-direita,Flavio,34081699
TO,2o turno em disputa,,,em 2o turno,em 2o turno,1180433
