nome,uf,destino,cargo_2026,situacao
Missionário José Olimpio,SP,disputou deputado e não se elegeu,DEPUTADO FEDERAL,SUPLENTE
Vinicius Carvalho,SP,disputou deputado e não se elegeu,DEPUTADO FEDERAL,SUPLENTE
Pastor Gil,MA,disputou deputado e não se elegeu,DEPUTADO FEDERAL,#NULO
Carla Dickson,RN,disputou deputado e não se elegeu,DEPUTADO FEDERAL,SUPLENTE
Ismael,SC,disputou deputado e não se elegeu,DEPUTADO FEDERAL,SUPLENTE
Adilson Barroso,SP,disputou deputado e não se elegeu,DEPUTADO FEDERAL,SUPLENTE
Dr Flávio,RJ,disputou deputado e não se elegeu,DEPUTADO FEDERAL,SUPLENTE
Rodrigo da Zaeli,MT,disputou deputado e não se elegeu,DEPUTADO FEDERAL,SUPLENTE
Coronel Meira,PE,disputou deputado e não se elegeu,DEPUTADO FEDERAL,SUPLENTE
Mauricio do Vôlei,MG,disputou deputado e não se elegeu,DEPUTADO FEDERAL,SUPLENTE
Gilvan da Federal,ES,disputou deputado e não se elegeu,DEPUTADO FEDERAL,#NULO
Roberto Monteiro Pai,RJ,disputou deputado e não se elegeu,DEPUTADO FEDERAL,SUPLENTE
Cezinha de Madureira,SP,disputou deputado e não se elegeu,DEPUTADO FEDERAL,SUPLENTE
Priscila Costa,CE,disputou deputado e não se elegeu,DEPUTADO FEDERAL,SUPLENTE
Itamar Paim,PR,disputou deputado estadual: eleito,DEPUTADO ESTADUAL,ELEITO POR QP
Detinha,MA,disputou deputado estadual: eleito,DEPUTADO ESTADUAL,ELEITO POR QP
André Ferreira,PE,disputou deputado estadual: eleito,DEPUTADO ESTADUAL,ELEITO POR QP
Zucco,RS,disputou governador: eleito,GOVERNADOR,ELEITO
Gustavo Gayer,GO,disputou senador: eleito,SENADOR,ELEITO
Dr. Fernando Máximo,RO,disputou senador: eleito,SENADOR,ELEITO
Nicoletti,RR,disputou senador: eleito,SENADOR,ELEITO
Caroline de Toni,SC,disputou senador: eleito,SENADOR,ELEITO
Bia Kicis,DF,disputou senador: eleito,SENADOR,ELEITO
Filipe Barros,PR,disputou senador: eleito,SENADOR,ELEITO
Carlos Jordy,RJ,disputou senador: eleito,SENADOR,ELEITO
Sanderson,RS,disputou senador: eleito,SENADOR,ELEITO
Domingos Sávio,MG,disputou senador: eleito,SENADOR,ELEITO
José Medeiros,MT,disputou senador: eleito,SENADOR,ELEITO
Mendonça Filho,PE,disputou senador: não eleito,SENADOR,NÃO ELEITO
Rodrigo Valadares,SE,disputou senador: não eleito,SENADOR,NÃO ELEITO
Delegado Éder Mauro,PA,disputou senador: não eleito,SENADOR,NÃO ELEITO
Capitão Alberto Neto,AM,disputou senador: não eleito,SENADOR,NÃO ELEITO
Helio Lopes,RJ,disputou senador: não eleito,SENADOR,NÃO ELEITO
Josimar Maranhãozinho,MA,não disputou nenhum cargo em 2026,,
Alfredo Gaspar,AL,não disputou nenhum cargo em 2026,,
Mauricio Marcon,RS,reeleito deputado pelo PL,DEPUTADO FEDERAL,ELEITO POR QP
Coronel Chrisóstomo,RO,reeleito deputado pelo PL,DEPUTADO FEDERAL,ELEITO POR QP
Sargento Gonçalves,RN,reeleito deputado pelo PL,DEPUTADO FEDERAL,ELEITO POR QP
Chris Tonietto,RJ,reeleito deputado pelo PL,DEPUTADO FEDERAL,ELEITO POR QP
Altineu Côrtes,RJ,reeleito deputado pelo PL,DEPUTADO FEDERAL,ELEITO POR QP
Pr. Marco Feliciano,SP,reeleito deputado pelo PL,DEPUTADO FEDERAL,ELEITO POR QP
Eros Biondini,MG,reeleito deputado pelo PL,DEPUTADO FEDERAL,ELEITO POR QP
Ricardo Guidi,SC,reeleito deputado pelo PL,DEPUTADO FEDERAL,ELEITO POR MÉDIA
Capitão Alden,BA,reeleito deputado pelo PL,DEPUTADO FEDERAL,ELEITO POR MÉDIA
Mario Frias,SP,reeleito deputado pelo PL,DEPUTADO FEDERAL,ELEITO POR QP
Luiz Philippe de Orleans e Bragança,SP,reeleito deputado pelo PL,DEPUTADO FEDERAL,ELEITO POR QP
Vermelho,PR,reeleito deputado pelo PL,DEPUTADO FEDERAL,ELEITO POR QP
Magda Mofatto,GO,reeleito deputado pelo PL,DEPUTADO FEDERAL,ELEITO POR QP
Coronel Fernanda,MT,reeleito deputado pelo PL,DEPUTADO FEDERAL,ELEITO POR QP
Delegada Ione,MG,reeleito deputado pelo PL,DEPUTADO FEDERAL,ELEITO POR QP
Daniela Reinehr,SC,reeleito deputado pelo PL,DEPUTADO FEDERAL,ELEITO POR QP
Luiz Carlos Motta,SP,reeleito deputado pelo PL,DEPUTADO FEDERAL,ELEITO POR QP
Lincoln Portela,MG,reeleito deputado pelo PL,DEPUTADO FEDERAL,ELEITO POR QP
André Fernandes,CE,reeleito deputado pelo PL,DEPUTADO FEDERAL,ELEITO POR QP
Paulo Freire Costa,SP,reeleito deputado pelo PL,DEPUTADO FEDERAL,ELEITO POR QP
Delegado Paulo Bilynskyj,SP,reeleito deputado pelo PL,DEPUTADO FEDERAL,ELEITO POR QP
Marcos Pollon,MS,reeleito deputado pelo PL,DEPUTADO FEDERAL,ELEITO POR QP
Sóstenes Cavalcante,RJ,reeleito deputado pelo PL,DEPUTADO FEDERAL,ELEITO POR QP
Rosana Valle,SP,reeleito deputado pelo PL,DEPUTADO FEDERAL,ELEITO POR QP
Bibo Nunes,RS,reeleito deputado pelo PL,DEPUTADO FEDERAL,ELEITO POR MÉDIA
Nikolas Ferreira,MG,reeleito deputado pelo PL,DEPUTADO FEDERAL,ELEITO POR QP
Roberta Roma,BA,reeleito deputado pelo PL,DEPUTADO FEDERAL,ELEITO POR QP
Dr. Frederico,MG,reeleito deputado pelo PL,DEPUTADO FEDERAL,ELEITO POR QP
Lafayette de Andrada,MG,reeleito deputado pelo PL,DEPUTADO FEDERAL,ELEITO POR QP
Miguel Lombardi,SP,reeleito deputado pelo PL,DEPUTADO FEDERAL,ELEITO POR QP
Daniel Freitas,SC,reeleito deputado pelo PL,DEPUTADO FEDERAL,ELEITO POR MÉDIA
Cabo Gilberto Silva,PB,reeleito deputado pelo PL,DEPUTADO FEDERAL,ELEITO POR QP
Marcio Alvino,SP,reeleito deputado pelo PL,DEPUTADO FEDERAL,ELEITO POR QP
João Carlos Bacelar,BA,reeleito deputado pelo PL,DEPUTADO FEDERAL,ELEITO POR QP
Rosângela Reis,MG,reeleito deputado pelo PL,DEPUTADO FEDERAL,ELEITO POR QP
Julia Zanatta,SC,reeleito deputado pelo PL,DEPUTADO FEDERAL,ELEITO POR QP
Junio Amaral,MG,reeleito deputado pelo PL,DEPUTADO FEDERAL,ELEITO POR QP
Rosangela Moro,SP,reeleito deputado pelo PL,DEPUTADO FEDERAL,ELEITO POR QP
Rodolfo Nogueira,MS,reeleito deputado pelo PL,DEPUTADO FEDERAL,ELEITO POR MÉDIA
Dani Cunha,RJ,reeleito deputado pelo PL,DEPUTADO FEDERAL,ELEITO POR QP
Matheus Noronha,CE,reeleito deputado pelo PL,DEPUTADO FEDERAL,ELEITO POR QP
Capitão Augusto,SP,reeleito deputado pelo PL,DEPUTADO FEDERAL,ELEITO POR QP
General Girão,RN,reeleito deputado pelo PL,DEPUTADO FEDERAL,ELEITO POR QP
Jefferson Campos,SP,reeleito deputado pelo PL,DEPUTADO FEDERAL,ELEITO POR QP
Zé Vitor,MG,reeleito deputado pelo PL,DEPUTADO FEDERAL,ELEITO POR QP
Zé Trovão,SC,reeleito deputado pelo PL,DEPUTADO FEDERAL,ELEITO POR QP
Lucio Mosquini,RO,reeleito deputado pelo PL,DEPUTADO FEDERAL,ELEITO POR QP
Osmar Terra,RS,reeleito deputado pelo PL,DEPUTADO FEDERAL,ELEITO POR QP
Greyce Elias,MG,reeleito deputado pelo PL,DEPUTADO FEDERAL,ELEITO POR QP
Giovani Cherini,RS,reeleito deputado pelo PL,DEPUTADO FEDERAL,ELEITO POR QP
Emidinho Madeira,MG,reeleito deputado pelo PL,DEPUTADO FEDERAL,ELEITO POR QP
Joaquim Passarinho,PA,reeleito deputado pelo PL,DEPUTADO FEDERAL,ELEITO POR QP
Marcelo Álvaro Antônio,MG,reeleito deputado pelo PL,DEPUTADO FEDERAL,ELEITO POR QP
Coronel Assis,MT,reeleito deputado pelo PL,DEPUTADO FEDERAL,ELEITO POR QP
Filipe Martins,TO,reeleito deputado pelo PL,DEPUTADO FEDERAL,ELEITO POR MÉDIA
Marcelo Moraes,RS,reeleito deputado pelo PL,DEPUTADO FEDERAL,ELEITO POR QP
General Pazuello,RJ,reeleito deputado pelo PL,DEPUTADO FEDERAL,ELEITO POR QP
Alberto Fraga,DF,reeleito deputado pelo PL,DEPUTADO FEDERAL,ELEITO POR QP
Delegado Caveira,PA,reeleito deputado pelo PL,DEPUTADO FEDERAL,ELEITO POR QP
Soraya Santos,RJ,reeleito deputado pelo PL,DEPUTADO FEDERAL,ELEITO POR QP
Dr. Jaziel,CE,reeleito deputado pelo PL,DEPUTADO FEDERAL,ELEITO POR QP
Sargento Fahur,PR,reeleito deputado pelo PL,DEPUTADO FEDERAL,ELEITO POR QP
Vinicius Gurgel,AP,reeleito deputado pelo PL,DEPUTADO FEDERAL,ELEITO POR MÉDIA
