nome,uf,votos_2026,origem,partido_2022,votos_2022,partido_vespera,candidaturas_2006_2018
LUIZ PHILIPPE DE O E BRAGANÇA,SP,187743,assumiu o mandato depois de 2022 (suplente) e se elegeu pelo PL,,,PL,
THIAGO SURFISTA,SP,161971,disputou deputado federal em 2022 e não se elegeu,PSD,40477.0,,
MARIANA CARVALHO,MA,113228,disputou deputado federal em 2022 e não se elegeu,PODE,46955.0,,
DRA. SANDRA TADEU,SP,106471,disputou deputado federal em 2022 e não se elegeu,UNIAO,26503.0,,
EDUARDO CURY,SP,66860,disputou deputado federal em 2022 e não se elegeu,PSDB,92225.0,,
WESLEY CEZAR LELINHO,SP,66673,disputou deputado federal em 2022 e não se elegeu,PDT,41054.0,,
ALFREDO NASCIMENTO,AM,59271,disputou deputado federal em 2022 e não se elegeu,PL,46760.0,,
FABINHO RAMALHO,MG,43908,disputou deputado federal em 2022 e não se elegeu,MDB,77604.0,,
FÁBIO SOUSA,GO,43643,disputou deputado federal em 2022 e não se elegeu,PL,48139.0,,
SOFIA ANDRADE,RO,37984,disputou deputado federal em 2022 e não se elegeu,PL,14634.0,,
SUBTENETE GONZAGA,MG,35958,disputou deputado federal em 2022 e não se elegeu,PSD,42694.0,,
SARGENTO MELLO-CASAL,MG,25090,disputou deputado federal em 2022 e não se elegeu,PRD,17162.0,,
NIKOLAS FERREIRA,MG,3119318,eleito em 2022 pelo PL,PL,1492047.0,PL,
ANDRÉ FERNANDES,CE,684372,eleito em 2022 pelo PL,PL,229509.0,PL,
JULIA ZANATTA,SC,560223,eleito em 2022 pelo PL,PL,111588.0,PL,
DELEGADO CAVEIRA,PA,414927,eleito em 2022 pelo PL,PL,106349.0,PL,
CABO GILBERTO SILVA,PB,267142,eleito em 2022 pelo PL,PL,126876.0,PL,
MARCIO ALVINO,SP,261325,eleito em 2022 pelo PL,PL,187314.0,PL,
GIOVANI CHERINI,RS,234171,eleito em 2022 pelo PL,PL,162036.0,PL,
ROSANA VALLE,SP,213752,eleito em 2022 pelo PL,PL,216437.0,PL,
CORONEL FERNANDA,MT,205064,eleito em 2022 pelo PL,PL,60304.0,PL,
ALTINEU CORTES,RJ,175161,eleito em 2022 pelo PL,PL,167512.0,PL,
SÓSTENES CAVALCANTE,RJ,170290,eleito em 2022 pelo PL,PL,65443.0,PL,
ROBERTA ROMA,BA,156108,eleito em 2022 pelo PL,PL,160731.0,PL,
SARGENTO GONÇALVES,RN,154073,eleito em 2022 pelo PL,PL,56315.0,PL,
CAPITÃO AUGUSTO,SP,153745,eleito em 2022 pelo PL,PL,168740.0,PL,
JOAQUIM PASSARINHO,PA,146307,eleito em 2022 pelo PL,PL,122553.0,PL,
GENERAL PAZUELLO,RJ,146148,eleito em 2022 pelo PL,PL,205324.0,PL,
ZÉ VITOR,MG,145006,eleito em 2022 pelo PL,PL,152748.0,PL,
SORAYA SANTOS,RJ,141443,eleito em 2022 pelo PL,PL,130379.0,PL,
MARCOS POLLON,MS,140129,eleito em 2022 pelo PL,PL,103111.0,PL,
GENERAL GIRÃO,RN,133258,eleito em 2022 pelo PL,PL,76698.0,PL,
MAGDA MOFATTO,GO,131983,eleito em 2022 pelo PL,PL,81996.0,PL,
MATHEUS NORONHA,CE,123990,eleito em 2022 pelo PL,PL,150823.0,PL,
PASTOR MARCO FELICIANO,SP,122119,eleito em 2022 pelo PL,PL,220595.0,PL,
ALBERTO FRAGA,DF,118579,eleito em 2022 pelo PL,PL,28825.0,PL,
MOTTA,SP,112854,eleito em 2022 pelo PL,PL,104701.0,PL,
JOÃO BACELAR,BA,107232,eleito em 2022 pelo PL,PL,90229.0,PL,
CAPITÃO ALDEN,BA,105110,eleito em 2022 pelo PL,PL,95151.0,PL,
RODOLFO NOGUEIRA,MS,103303,eleito em 2022 pelo PL,PL,41773.0,PL,
MARCELO MORAES,RS,103292,eleito em 2022 pelo PL,PL,84247.0,PL,
PAULO FREIRE,SP,99388,eleito em 2022 pelo PL,PL,161675.0,PL,
MIGUEL LOMBARDI,SP,96333,eleito em 2022 pelo PL,PL,107869.0,PL,
DANIELA REINEHR,SC,96253,eleito em 2022 pelo PL,PL,84631.0,PL,
EMIDINHO MADEIRA,MG,94812,eleito em 2022 pelo PL,PL,119101.0,PL,
JEFFERSON CAMPOS,SP,92286,eleito em 2022 pelo PL,PL,155336.0,PL,
MARIO FRIAS,SP,91403,eleito em 2022 pelo PL,PL,122564.0,PL,
DELEGADO PAULO BILYNSKYJ,SP,90363,eleito em 2022 pelo PL,PL,72156.0,PL,
ZÉ TROVÃO,SC,89830,eleito em 2022 pelo PL,PL,71140.0,PL,
CHRIS TONIETTO,RJ,81966,eleito em 2022 pelo PL,PL,52583.0,PL,
EROS BIONDINI,MG,81650,eleito em 2022 pelo PL,PL,77900.0,PL,
DANIEL FREITAS,SC,76458,eleito em 2022 pelo PL,PL,108001.0,PL,
BIBO NUNES,RS,74207,eleito em 2022 pelo PL,PL,76521.0,PL,
VERMELHO,PR,72166,eleito em 2022 pelo PL,PL,70790.0,PL,
DR JAZIEL,CE,64870,eleito em 2022 pelo PL,PL,79358.0,PL,
FILIPE MARTINS,TO,64068,eleito em 2022 pelo PL,PL,36293.0,PL,
ROSANGELA REIS,MG,57063,eleito em 2022 pelo PL,PL,42009.0,PL,
MARCELO ÁLVARO ANTÔNIO,MG,56958,eleito em 2022 pelo PL,PL,31025.0,PL,
CORONEL CHRISÓSTOMO,RO,51487,eleito em 2022 pelo PL,PL,24406.0,PL,
LINCOLN PORTELA,MG,37162,eleito em 2022 pelo PL,PL,42328.0,PL,
JUNIO AMARAL,MG,33762,eleito em 2022 pelo PL,PL,59297.0,PL,
VINICIUS GURGEL,AP,19625,eleito em 2022 pelo PL,PL,13253.0,PL,
MAURÍCIO MARCON,RS,379834,eleito em 2022 por outro partido e foi para o PL,PODE,140634.0,PL,
SARGENTO FAHUR,PR,242643,eleito em 2022 por outro partido e foi para o PL,PSD,161500.0,PL,
LUCIO MOSQUINI,RO,158421,eleito em 2022 por outro partido e foi para o PL,MDB,48735.0,PL,
ROSANGELA MORO,PR,146417,eleito em 2022 por outro partido e foi para o PL,UNIAO,217170.0,PL,
CORONEL ASSIS,MT,128697,eleito em 2022 por outro partido e foi para o PL,UNIAO,47479.0,PL,
DANI CUNHA,RJ,116984,eleito em 2022 por outro partido e foi para o PL,UNIAO,75810.0,PL,
OSMAR TERRA,RS,116647,eleito em 2022 por outro partido e foi para o PL,MDB,103245.0,PL,
RICARDO GUIDI,SC,78698,eleito em 2022 por outro partido e foi para o PL,PSD,74066.0,PL,
GREYCE ELIAS,MG,66395,eleito em 2022 por outro partido e foi para o PL,AVANTE,110346.0,PL,
LAFAYETTE ANDRADA,MG,61773,eleito em 2022 por outro partido e foi para o PL,REPUBLICANOS,68677.0,PL,
DR. FREDERICO,MG,60625,eleito em 2022 por outro partido e foi para o PL,PRD,84771.0,PL,
DELEGADA IONE,MG,39275,eleito em 2022 por outro partido e foi para o PL,AVANTE,52630.0,PL,
ANDERSON FERREIRA,PE,185429,não disputou a Câmara em 2022: já tinha disputado deputado federal antes,,,,2010 Deputado Federal (MÉDIA); 2014 Deputado Federal (ELEITO POR QP)
LUIZ FERNANDO MACHADO,SP,129004,não disputou a Câmara em 2022: já tinha disputado deputado federal antes,,,,2006 Deputado Federal (SUPLENTE); 2010 Deputado Federal (ELEITO); 2014 Deputado Estadual (ELEITO POR QP)
MAJOR VITOR HUGO,GO,104378,não disputou a Câmara em 2022: já tinha disputado deputado federal antes,,,,2018 Deputado Federal (ELEITO POR QP)
THIAGO MANZONI,DF,90418,não disputou a Câmara em 2022: já tinha disputado deputado federal antes,,,,2018 Deputado Federal (NÃO ELEITO)
IZALCI LUCAS,DF,88056,não disputou a Câmara em 2022: já tinha disputado deputado federal antes,,,,2010 Deputado Federal (ELEITO); 2014 Deputado Federal (ELEITO POR QP); 2018 Senador (ELEITO)
WLADIMIR GAROTINHO,RJ,81797,não disputou a Câmara em 2022: já tinha disputado deputado federal antes,,,,2018 Deputado Federal (ELEITO POR QP)
DELEGADO FRANCISCHINI,PR,53207,não disputou a Câmara em 2022: já tinha disputado deputado federal antes,,,,2010 Deputado Federal (ELEITO); 2014 Deputado Federal (ELEITO POR QP); 2018 Deputado Estadual (NÃO ELEITO)
RICARDO ARRUDA,PR,51663,não disputou a Câmara em 2022: já tinha disputado deputado federal antes,,,,2010 Deputado Federal (SUPLENTE); 2014 Deputado Estadual (ELEITO POR MÉDIA); 2018 Deputado Estadual (ELEITO POR MÉDIA)
JÚNIOR BETÃO,AC,13732,não disputou a Câmara em 2022: já tinha disputado deputado federal antes,,,,2010 Deputado Federal (SUPLENTE)
NINA,RN,185248,não disputou a Câmara em 2022: já tinha disputado outro cargo estadual ou federal,,,,2018 Deputado Estadual (SUPLENTE)
SARGENTO LIMA,SC,128333,não disputou a Câmara em 2022: já tinha disputado outro cargo estadual ou federal,,,,2018 Deputado Estadual (ELEITO POR QP)
MARA CASEIRO,MS,120199,não disputou a Câmara em 2022: já tinha disputado outro cargo estadual ou federal,,,,2010 Deputado Estadual (MÉDIA); 2014 Deputado Estadual (ELEITO POR QP); 2018 Deputado Estadual (SUPLENTE)
POUBEL,RJ,81960,não disputou a Câmara em 2022: já tinha disputado outro cargo estadual ou federal,,,,2018 Deputado Estadual (ELEITO POR QP)
GIL DINIZ,SP,63398,não disputou a Câmara em 2022: já tinha disputado outro cargo estadual ou federal,,,,2018 Deputado Estadual (ELEITO POR QP)
DANIEL TRINDADE,RR,16673,não disputou a Câmara em 2022: já tinha disputado outro cargo estadual ou federal,,,,2018 Deputado Estadual (SUPLENTE)
LUCAS PAVANATO,SP,3038438,não disputou a Câmara em 2022: nenhuma candidatura estadual ou federal de 2006 a 2018,,,,
LUCAS POLESE,ES,419735,não disputou a Câmara em 2022: nenhuma candidatura estadual ou federal de 2006 a 2018,,,,
RENATO BOLSONARO,SP,379312,não disputou a Câmara em 2022: nenhuma candidatura estadual ou federal de 2006 a 2018,,,,
SARGENTO SALAZAR,AM,212948,não disputou a Câmara em 2022: nenhuma candidatura estadual ou federal de 2006 a 2018,,,,
DOUTORA RAISSA SOARES,BA,162370,não disputou a Câmara em 2022: nenhuma candidatura estadual ou federal de 2006 a 2018,,,,
FABIANA VILAR,MA,160361,não disputou a Câmara em 2022: nenhuma candidatura estadual ou federal de 2006 a 2018,,,,
FRED RODRIGUES,GO,152380,não disputou a Câmara em 2022: nenhuma candidatura estadual ou federal de 2006 a 2018,,,,
ALDIR JUNIOR,MA,141764,não disputou a Câmara em 2022: nenhuma candidatura estadual ou federal de 2006 a 2018,,,,
JAIR BOLSONARO,SC,131555,não disputou a Câmara em 2022: nenhuma candidatura estadual ou federal de 2006 a 2018,,,,
MANOELA PERES,RJ,117648,não disputou a Câmara em 2022: nenhuma candidatura estadual ou federal de 2006 a 2018,,,,
JULIA DE CASTRO,RJ,103880,não disputou a Câmara em 2022: nenhuma candidatura estadual ou federal de 2006 a 2018,,,,
DIOGO BALIEIRO DINIZ,RJ,102026,não disputou a Câmara em 2022: nenhuma candidatura estadual ou federal de 2006 a 2018,,,,
JESSÉ SANGALLI,RS,94625,não disputou a Câmara em 2022: nenhuma candidatura estadual ou federal de 2006 a 2018,,,,
DIOGO SIQUEIRA,RS,93067,não disputou a Câmara em 2022: nenhuma candidatura estadual ou federal de 2006 a 2018,,,,
RAFAEL SATIÊ,RJ,91074,não disputou a Câmara em 2022: nenhuma candidatura estadual ou federal de 2006 a 2018,,,,
ROGERIO BARRA,PA,89973,não disputou a Câmara em 2022: nenhuma candidatura estadual ou federal de 2006 a 2018,,,,
THIAGO MEDINA,PE,88354,não disputou a Câmara em 2022: nenhuma candidatura estadual ou federal de 2006 a 2018,,,,
DR. ORLANDO,MA,82827,não disputou a Câmara em 2022: nenhuma candidatura estadual ou federal de 2006 a 2018,,,,
VINICIUS DINIZ,MG,80567,não disputou a Câmara em 2022: nenhuma candidatura estadual ou federal de 2006 a 2018,,,,
DOUGLAS GOMES,RJ,80310,não disputou a Câmara em 2022: nenhuma candidatura estadual ou federal de 2006 a 2018,,,,
PERONDI,RS,73974,não disputou a Câmara em 2022: nenhuma candidatura estadual ou federal de 2006 a 2018,,,,
THIAGO BOAVA HEY ROY,MT,72375,não disputou a Câmara em 2022: nenhuma candidatura estadual ou federal de 2006 a 2018,,,,
IGOR SANTOS,MG,70572,não disputou a Câmara em 2022: nenhuma candidatura estadual ou federal de 2006 a 2018,,,,
THIAGO GAGLIASSO,RJ,67700,não disputou a Câmara em 2022: nenhuma candidatura estadual ou federal de 2006 a 2018,,,,
DR. MARCOS VINICIUS,MG,67371,não disputou a Câmara em 2022: nenhuma candidatura estadual ou federal de 2006 a 2018,,,,
JORGE MIRANDA,RJ,67298,não disputou a Câmara em 2022: nenhuma candidatura estadual ou federal de 2006 a 2018,,,,
CAPOREZZO,MG,57878,não disputou a Câmara em 2022: nenhuma candidatura estadual ou federal de 2006 a 2018,,,,
GEORGE MORAIS,PB,57454,não disputou a Câmara em 2022: nenhuma candidatura estadual ou federal de 2006 a 2018,,,,
CARMELO NETO,CE,56068,não disputou a Câmara em 2022: nenhuma candidatura estadual ou federal de 2006 a 2018,,,,
LUCAS O FEDERAL DA DIREITA,ES,43973,não disputou a Câmara em 2022: nenhuma candidatura estadual ou federal de 2006 a 2018,,,,
THIAGO GANEM,MG,42718,não disputou a Câmara em 2022: nenhuma candidatura estadual ou federal de 2006 a 2018,,,,
RODRIGO TAVARES,MG,37534,não disputou a Câmara em 2022: nenhuma candidatura estadual ou federal de 2006 a 2018,,,,
