nome,uf,partido_2022,grupo_2022,votos_2022,cargo_2026,partido_2026,resultado_2026,situacao
NIKOLAS FERREIRA,MG,PL,direita,1492047,DEPUTADO FEDERAL,PL,eleito,ELEITO POR QP
GUILHERME BOULOS,SP,PSOL,esquerda,1001472,,,não disputou,
CARLA ZAMBELLI,SP,PL,direita,946244,,,não disputou,
EDUARDO BOLSONARO,SP,PL,direita,741701,,,não disputou,
RICARDO SALLES,SP,PL,direita,640918,SENADOR,NOVO,não eleito,NÃO ELEITO
DELEGADO BRUNO LIMA,SP,PP,centro-direita,461217,DEPUTADO FEDERAL,PODE,eleito,ELEITO POR QP
DELTAN DALLAGNOL,PR,PODE,centro,344917,SENADOR,NOVO,eleito,ELEITO
TABATA AMARAL,SP,PSB,centro-esquerda,337873,DEPUTADO FEDERAL,PSB,eleito,ELEITO POR QP
CELSO RUSSOMANNO,SP,REPUBLICANOS,centro-direita,305520,DEPUTADO FEDERAL,REPUBLICANOS,eleito,ELEITO POR QP
KIM KATAGUIRI,SP,UNIÃO,centro-direita,295460,DEPUTADO FEDERAL,MISSÃO,eleito,ELEITO POR QP
AMOM MANDEL,AM,CIDADANIA,centro,288555,DEPUTADO FEDERAL,REPUBLICANOS,eleito,ELEITO POR QP
ANDRÉ FERREIRA,PE,PL,direita,273267,DEPUTADO ESTADUAL,PL,eleito,ELEITO POR QP
GLEISI,PR,PT,esquerda,261247,SENADOR,PT,não eleito,NÃO ELEITO
TENENTE CORONEL ZUCCO,RS,REPUBLICANOS,centro-direita,259023,GOVERNADOR,PL,eleito,ELEITO
DRA ALESSANDRA HABER,PA,MDB,centro,258907,DEPUTADO FEDERAL,PODE,eleito,ELEITO POR QP
MARCEL VAN HATTEM,RS,NOVO,direita,256913,SENADOR,NOVO,eleito,ELEITO
ERIKA HILTON,SP,PSOL,esquerda,256903,DEPUTADO FEDERAL,PSOL,eleito,ELEITO POR QP
DELEGADO PALUMBO,SP,MDB,centro,254898,DEPUTADO FEDERAL,PODE,eleito,ELEITO POR QP
SILVYE ALVES,GO,UNIÃO,centro-direita,254653,DEPUTADO FEDERAL,UNIÃO,eleito,ELEITO POR MÉDIA
FILIPE BARROS,PR,PL,direita,249507,SENADOR,PL,eleito,ELEITO
CLARISSA TÉRCIO,PE,PP,centro-direita,240511,DEPUTADO FEDERAL,PP,eleito,ELEITO POR QP
CAPITÃO DERRITE,SP,PL,direita,239772,SENADOR,PP,eleito,ELEITO
ANDRÉ JANONES,MG,AVANTE,centro,238967,DEPUTADO FEDERAL,REDE,eleito,ELEITO POR QP
MARINA SILVA,SP,REDE,centro-esquerda,237526,SENADOR,REDE,não eleito,NÃO ELEITO
BALEIA ROSSI,SP,MDB,centro,236463,DEPUTADO FEDERAL,MDB,eleito,ELEITO POR QP
FABIO TERUEL,SP,MDB,centro,235165,DEPUTADO FEDERAL,MDB,não eleito,SUPLENTE
MARCOS PEREIRA,SP,REPUBLICANOS,centro-direita,231626,DEPUTADO FEDERAL,REPUBLICANOS,eleito,ELEITO POR QP
ANDRÉ FERNANDES,CE,PL,direita,229509,DEPUTADO FEDERAL,PL,eleito,ELEITO POR QP
CAROL DE TONI,SC,PL,direita,227632,SENADOR,PL,eleito,ELEITO
SÂMIA BOMFIM,SP,PSOL,esquerda,226187,DEPUTADO FEDERAL,PSOL,eleito,ELEITO POR QP
PAULO PIMENTA,RS,PT,esquerda,223109,SENADOR,PT,não eleito,NÃO ELEITO
PASTOR MARCO FELICIANO,SP,PL,direita,220595,DEPUTADO FEDERAL,PL,eleito,ELEITO POR QP
ARTHUR LIRA,AL,PP,centro-direita,219452,SENADOR,PP,eleito,ELEITO
ROSÂNGELA MORO,SP,UNIÃO,centro-direita,217170,DEPUTADO FEDERAL,PL,eleito,ELEITO POR QP
JÚNIOR MANO,CE,PL,direita,216531,1º SUPLENTE,PSB,eleito,ELEITO
ROSANA VALLE,SP,PL,direita,216437,DEPUTADO FEDERAL,PL,eleito,ELEITO POR QP
BIA KICIS,DF,PL,direita,214733,SENADOR,PL,eleito,ELEITO
DANIELA DO WAGUINHO,RJ,UNIÃO,centro-direita,213706,DEPUTADO FEDERAL,REPUBLICANOS,não eleito,SUPLENTE
DUDA SALABERT,MG,PDT,centro-esquerda,208332,DEPUTADO FEDERAL,PSOL,eleito,ELEITO POR QP
BETO PRETO,PR,PSD,centro,206898,DEPUTADO FEDERAL,PSD,eleito,ELEITO POR QP
DELEGADO EDER MAURO,PA,PL,direita,205543,SENADOR,PL,não eleito,NÃO ELEITO
GENERAL  PAZUELLO,RJ,PL,direita,205324,DEPUTADO FEDERAL,PL,eleito,ELEITO POR QP
CÉLIO STUDART,CE,PSD,centro,205106,DEPUTADO FEDERAL,PSD,eleito,ELEITO POR MÉDIA
OTTO FILHO,BA,PSD,centro,200909,,,não disputou,
GUSTAVO GAYER,GO,PL,direita,200586,SENADOR,PL,eleito,ELEITO
FERNANDA MELCHIONNA,RS,PSOL,esquerda,199894,DEPUTADO FEDERAL,PSOL,eleito,ELEITO POR QP
TALIRIA PETRONE,RJ,PSOL,esquerda,198548,DEPUTADO FEDERAL,PSOL,eleito,ELEITO POR QP
ALEX MANENTE,SP,CIDADANIA,centro,196866,DEPUTADO FEDERAL,CIDADANIA,não eleito,SUPLENTE
REGINALDO LOPES,MG,PT,esquerda,196760,DEPUTADO FEDERAL,PT,eleito,ELEITO POR QP
RUI FALCÃO,SP,PT,esquerda,193990,DEPUTADO FEDERAL,PT,não eleito,SUPLENTE
ALEXANDRE LEITE,SP,UNIÃO,centro-direita,192806,DEPUTADO ESTADUAL,UNIÃO,não eleito,SUPLENTE
DOUTOR LUIZINHO,RJ,PP,centro-direita,190071,DEPUTADO FEDERAL,PP,eleito,ELEITO POR QP
EUNÍCIO,CE,MDB,centro,188289,,,não disputou,
IDILVAN,CE,PDT,centro-esquerda,187433,DEPUTADO FEDERAL,PSB,eleito,ELEITO POR QP
MARCIO ALVINO,SP,PL,direita,187314,DEPUTADO FEDERAL,PL,eleito,ELEITO POR QP
GUIMARÃES DO PT,CE,PT,esquerda,186136,,,não disputou,
ROGÉRIO CORREIA,MG,PT,esquerda,185918,DEPUTADO FEDERAL,PT,eleito,ELEITO POR QP
LUIZIANNE LINS,CE,PT,esquerda,182232,SENADOR,REDE,eleito,ELEITO
DELEGADO DA CUNHA,SP,PP,centro-direita,181568,DEPUTADO FEDERAL,UNIÃO,não eleito,SUPLENTE
RENATA ABREU,SP,PODE,centro,180247,DEPUTADO FEDERAL,PODE,eleito,ELEITO POR QP
FELIPE BECARI,SP,UNIÃO,centro-direita,178777,DEPUTADO FEDERAL,PODE,eleito,ELEITO POR QP
ELCIONE,PA,MDB,centro,175498,DEPUTADO ESTADUAL,MDB,não eleito,SUPLENTE
ELMAR NASCIMENTO,BA,UNIÃO,centro-direita,175439,DEPUTADO FEDERAL,UNIÃO,eleito,ELEITO POR QP
DOMINGOS NETO,CE,PSD,centro,175074,DEPUTADO FEDERAL,PSD,eleito,ELEITO POR QP
PROFESSOR PEDRO UCZAI,SC,PT,esquerda,173531,DEPUTADO FEDERAL,PT,eleito,ELEITO POR QP
PEDRO CAMPOS,PE,PSB,centro-esquerda,172526,DEPUTADO FEDERAL,PSB,eleito,ELEITO POR QP
DIEGO CORONEL,BA,PSD,centro,171684,DEPUTADO FEDERAL,REPUBLICANOS,eleito,ELEITO POR QP
PAULO ALEXANDRE BARBOSA,SP,PSDB,centro,170378,DEPUTADO FEDERAL,PSD,eleito,ELEITO POR QP
DIEGO ANDRADE,MG,PSD,centro,170181,DEPUTADO FEDERAL,PSD,eleito,ELEITO POR QP
CAPITÃO AUGUSTO,SP,PL,direita,168740,DEPUTADO FEDERAL,PL,eleito,ELEITO POR QP
SANDRO ALEX,PR,PSD,centro,168157,GOVERNADOR,PSD,não eleito,NÃO ELEITO
ALTINEU CORTES,RJ,PL,direita,167512,DEPUTADO FEDERAL,PL,eleito,ELEITO POR QP
KIKO CELEGUIM,SP,PT,esquerda,167438,DEPUTADO FEDERAL,PT,eleito,ELEITO POR MÉDIA
PRIANTE,PA,MDB,centro,167275,DEPUTADO FEDERAL,MDB,eleito,ELEITO POR QP
ANTONIO BRITO,BA,PSD,centro,165386,DEPUTADO FEDERAL,PSD,eleito,ELEITO POR QP
FRED LINHARES,DF,REPUBLICANOS,centro-direita,165358,DEPUTADO FEDERAL,REPUBLICANOS,não eleito,SUPLENTE
NETO CARLETTO,BA,PP,centro-direita,164655,DEPUTADO FEDERAL,AVANTE,eleito,ELEITO POR QP
FELIPE FRANCISCHINI,PR,UNIÃO,centro-direita,164342,DEPUTADO FEDERAL,PODE,eleito,ELEITO POR QP
RENILCE NICODEMOS,PA,MDB,centro,162208,DEPUTADO FEDERAL,MDB,eleito,ELEITO POR QP
SILVIO COSTA FILHO,PE,REPUBLICANOS,centro-direita,162056,DEPUTADO FEDERAL,REPUBLICANOS,eleito,ELEITO POR QP
GIOVANI CHERINI,RS,PL,direita,162036,DEPUTADO FEDERAL,PL,eleito,ELEITO POR QP
PAULO FREIRE DA COSTA,SP,PL,direita,161675,DEPUTADO FEDERAL,PL,eleito,ELEITO POR QP
SARGENTO FAHUR,PR,PSD,centro,161500,DEPUTADO FEDERAL,PL,eleito,ELEITO POR QP
DETINHA,MA,PL,direita,161206,DEPUTADO ESTADUAL,PL,eleito,ELEITO POR QP
ROBERTA ROMA,BA,PL,direita,160731,DEPUTADO FEDERAL,PL,eleito,ELEITO POR QP
JÚNIOR FERRARI,PA,PSD,centro,160342,DEPUTADO FEDERAL,PSD,eleito,ELEITO POR QP
TARCÍSIO MOTTA,RJ,PSOL,esquerda,159928,DEPUTADO FEDERAL,PSOL,não eleito,SUPLENTE
PEDRO LUCAS FERNANDES,MA,UNIÃO,centro-direita,159786,DEPUTADO FEDERAL,UNIÃO,eleito,ELEITO POR QP
JORGE GOETTEN,SC,PL,direita,159339,DEPUTADO FEDERAL,REPUBLICANOS,não eleito,SUPLENTE
OTONI DE PAULA,RJ,MDB,centro,158507,DEPUTADO FEDERAL,PSD,não eleito,SUPLENTE
FRED COSTA,MG,PATRIOTA,centro-direita,158453,DEPUTADO FEDERAL,PRD,eleito,ELEITO POR QP
JOSIMAR MARANHÃOZINHO,MA,PL,direita,158360,,,não disputou,
HUGO MOTTA,PB,REPUBLICANOS,centro-direita,158171,DEPUTADO FEDERAL,REPUBLICANOS,eleito,ELEITO POR QP
JILMAR TATTO,SP,PT,esquerda,157843,DEPUTADO FEDERAL,PT,eleito,ELEITO POR QP
NATÁLIA BONAVIDES,RN,PT,esquerda,157565,DEPUTADO FEDERAL,PT,eleito,ELEITO POR QP
MARCO BERTAIOLLI,SP,PSD,centro,157552,,,não disputou,
SÔNIA GUAJAJARA,SP,PSOL,esquerda,156966,DEPUTADO FEDERAL,PSOL,eleito,ELEITO POR QP
LUIZ MARINHO,SP,PT,esquerda,156202,,,não disputou,
AJ ALBUQUERQUE,CE,PP,centro-direita,155456,DEPUTADO FEDERAL,PP,eleito,ELEITO POR MÉDIA
JEFFERSON CAMPOS,SP,PL,direita,155336,DEPUTADO FEDERAL,PL,eleito,ELEITO POR QP
FERNANDO FILHO,PE,UNIÃO,centro-direita,155305,DEPUTADO FEDERAL,UNIÃO,eleito,ELEITO POR QP
CLAUDIO CAJADO,BA,PP,centro-direita,154098,DEPUTADO FEDERAL,PP,eleito,ELEITO POR QP
ZÉ VITOR,MG,PL,direita,152748,DEPUTADO FEDERAL,PL,eleito,ELEITO POR QP
GIACOBO,PR,PL,direita,152342,,,não disputou,
LINDBERGH FARIAS,RJ,PT,esquerda,152219,DEPUTADO FEDERAL,PT,eleito,ELEITO POR QP
NILTO TATTO,SP,PT,esquerda,151861,DEPUTADO FEDERAL,PT,eleito,ELEITO POR QP
MARIA DO ROSÁRIO,RS,PT,esquerda,151050,DEPUTADO FEDERAL,PT,eleito,ELEITO POR QP
ROBÉRIO MONTEIRO,CE,PDT,centro-esquerda,151030,DEPUTADO FEDERAL,PSB,eleito,ELEITO POR QP
MATHEUS NORONHA,CE,PL,direita,150823,DEPUTADO FEDERAL,PL,eleito,ELEITO POR QP
DILVANDA FARO,PA,PT,esquerda,150065,DEPUTADO FEDERAL,PT,eleito,ELEITO POR QP
MISAEL VARELLA,MG,PSD,centro,149398,1º SUPLENTE,PSD,não eleito,NÃO ELEITO
ANA PAULA LIMA,SC,PT,esquerda,148781,DEPUTADO FEDERAL,PT,eleito,ELEITO POR QP
CAPITÃO ALBERTO NETO,AM,PL,direita,147846,SENADOR,PL,não eleito,NÃO ELEITO
MÁRIO NEGROMONTE JR,BA,PP,centro-direita,147711,DEPUTADO FEDERAL,PSB,eleito,ELEITO POR QP
CARLOS ZARATTINI,SP,PT,esquerda,147349,DEPUTADO FEDERAL,PT,eleito,ELEITO POR QP
ERIKA KOKAY,DF,PT,esquerda,146092,SENADOR,PT,não eleito,NÃO ELEITO
RAFAEL SIMOES,MG,UNIÃO,centro-direita,144924,DEPUTADO FEDERAL,UNIÃO,eleito,ELEITO POR QP
ARLINDO CHINAGLIA,SP,PT,esquerda,144108,DEPUTADO FEDERAL,PT,eleito,ELEITO POR QP
LÉO PRATES,BA,PDT,centro-esquerda,143763,DEPUTADO FEDERAL,REPUBLICANOS,eleito,ELEITO POR QP
CEZINHA DE MADUREIRA,SP,PSD,centro,143434,DEPUTADO FEDERAL,PL,não eleito,SUPLENTE
JUSCELINO FILHO,MA,UNIÃO,centro-direita,142419,DEPUTADO FEDERAL,PSDB,eleito,ELEITO POR MÉDIA
CELSO SABINO,PA,UNIÃO,centro-direita,142326,SENADOR,PDT,não eleito,NÃO ELEITO
FLAVIA MORAIS,GO,PDT,centro-esquerda,142155,DEPUTADO FEDERAL,MDB,eleito,ELEITO POR QP
BRUNO GANEM,SP,PODE,centro,141595,DEPUTADO FEDERAL,PODE,não eleito,SUPLENTE
WALDEMAR OLIVEIRA,PE,AVANTE,centro,141386,DEPUTADO FEDERAL,AVANTE,eleito,ELEITO POR MÉDIA
MAURICIO MARCON,RS,PODE,centro,140634,DEPUTADO FEDERAL,PL,eleito,ELEITO POR QP
DEPUTADO DAL,BA,UNIÃO,centro-direita,140435,DEPUTADO FEDERAL,UNIÃO,eleito,ELEITO POR QP
ALEXANDRE PADILHA,SP,PT,esquerda,140037,,,não disputou,
ALENCAR SANTANA,SP,PT,esquerda,139223,DEPUTADO FEDERAL,PT,eleito,ELEITO POR QP
GABRIEL NUNES,BA,PSD,centro,138448,DEPUTADO FEDERAL,PSD,eleito,ELEITO POR QP
PAULO AZI,BA,UNIÃO,centro-direita,137383,DEPUTADO FEDERAL,UNIÃO,eleito,ELEITO POR QP
RICARDO MAIA,BA,MDB,centro,136834,DEPUTADO FEDERAL,MDB,eleito,ELEITO POR QP
PINHEIRINHO,MG,PP,centro-direita,136575,DEPUTADO FEDERAL,PP,eleito,ELEITO POR QP
ANDRÉ FUFUCA,MA,PP,centro-direita,135078,SENADOR,PP,eleito,ELEITO
MAURO FILHO,CE,PDT,centro-esquerda,135038,DEPUTADO FEDERAL,UNIÃO,não eleito,SUPLENTE
AGUINALDO RIBEIRO,PB,PP,centro-direita,135001,DEPUTADO FEDERAL,PP,eleito,ELEITO POR QP
JULIO CÉSAR,PI,PSD,centro,134863,SENADOR,PSD,eleito,ELEITO
PAULO GUEDES,MG,PT,esquerda,134494,DEPUTADO FEDERAL,PT,eleito,ELEITO POR QP
TÚLIO GADELHA,PE,REDE,centro-esquerda,134391,SENADOR,PSD,não eleito,NÃO ELEITO
RICARDO SILVA,SP,PSD,centro,133936,,,não disputou,
GUTEMBERG REIS,RJ,MDB,centro,133612,DEPUTADO FEDERAL,MDB,eleito,ELEITO POR QP
HELIO FERNANDO BARBOSA LOPES,RJ,PL,direita,132986,SENADOR,PL,não eleito,NÃO ELEITO
DELEGADO MATHEUS LAIOLA,PR,UNIÃO,centro-direita,132759,DEPUTADO FEDERAL,UNIÃO,eleito,ELEITO POR QP
BOHN GASS,RS,PT,esquerda,131881,DEPUTADO FEDERAL,PT,eleito,ELEITO POR QP
YANDRA DE ANDRÉ,SE,UNIÃO,centro-direita,131471,DEPUTADO FEDERAL,UNIÃO,eleito,ELEITO POR QP
CAROL DARTORA,PR,PT,esquerda,130654,DEPUTADO FEDERAL,PT,eleito,ELEITO POR QP
SORAYA SANTOS,RJ,PL,direita,130379,DEPUTADO FEDERAL,PL,eleito,ELEITO POR QP
CARMEN ZANOTTO,SC,CIDADANIA,centro,130138,,,não disputou,
MAURICIO NEVES,SP,PP,centro-direita,129731,DEPUTADO FEDERAL,PP,eleito,ELEITO POR QP
MARCON,RS,PT,esquerda,129352,DEPUTADO FEDERAL,PT,eleito,ELEITO POR QP
ODAIR CUNHA,MG,PT,esquerda,129146,,,não disputou,
JORGE SOLLA,BA,PT,esquerda,128968,DEPUTADO FEDERAL,PT,eleito,ELEITO POR QP
ZÉ NETO,BA,PT,esquerda,128439,DEPUTADO FEDERAL,PT,não eleito,SUPLENTE
DR. FRANCISCO,PI,PT,esquerda,128080,DEPUTADO FEDERAL,PT,eleito,ELEITO POR QP
CASTRO NETO,PI,PSD,centro,127753,DEPUTADO FEDERAL,MDB,eleito,ELEITO POR QP
CARLOS VERAS,PE,PT,esquerda,127482,DEPUTADO FEDERAL,PT,eleito,ELEITO POR QP
SAULLO VIANNA,AM,UNIÃO,centro-direita,127287,DEPUTADO FEDERAL,MDB,eleito,ELEITO POR MÉDIA
CABO GILBERTO SILVA,PB,PL,direita,126876,DEPUTADO FEDERAL,PL,eleito,ELEITO POR QP
ALUISIO MENDES,MA,PSC,centro,126577,DEPUTADO FEDERAL,REPUBLICANOS,eleito,ELEITO POR MÉDIA
ANTONIO DOIDO,PA,MDB,centro,126535,DEPUTADO FEDERAL,MDB,eleito,ELEITO POR MÉDIA
WELITON PRADO,MG,PROS,centro,126214,DEPUTADO FEDERAL,PSD,eleito,ELEITO POR QP
KENISTON,PA,MDB,centro,126027,DEPUTADO FEDERAL,MDB,não eleito,SUPLENTE
REJANE DIAS,PI,PT,esquerda,125774,,,não disputou,
ALCEU MOREIRA,RS,MDB,centro,125647,DEPUTADO FEDERAL,MDB,eleito,ELEITO POR QP
JULIANA CARDOSO,SP,PT,esquerda,125517,DEPUTADO FEDERAL,PT,eleito,ELEITO POR MÉDIA
DANIEL,BA,PC do B,esquerda,125374,DEPUTADO FEDERAL,PCDOB,eleito,ELEITO POR QP
SILAS CÂMARA,AM,REPUBLICANOS,centro-direita,125068,DEPUTADO FEDERAL,REPUBLICANOS,não eleito,SUPLENTE
ANDREIA SIQUEIRA,PA,MDB,centro,125004,,,não disputou,
EDUARDO DA FONTE,PE,PP,centro-direita,124850,SENADOR,PP,não eleito,NÃO ELEITO
ALICE PORTUGAL,BA,PC do B,esquerda,124358,DEPUTADO FEDERAL,PCDOB,eleito,ELEITO POR QP
GILBERTO ABRAMO,MG,REPUBLICANOS,centro-direita,123370,DEPUTADO FEDERAL,REPUBLICANOS,eleito,ELEITO POR MÉDIA
ADOLFO VIANA,BA,PSDB,centro,123199,DEPUTADO FEDERAL,PSDB,eleito,ELEITO POR QP
ZECA DIRCEU,PR,PT,esquerda,123033,DEPUTADO FEDERAL,PT,eleito,ELEITO POR QP
HERCILIO COELHO DINIZ,MG,MDB,centro,122819,,,não disputou,
PAULO TEIXEIRA,SP,PT,esquerda,122800,DEPUTADO FEDERAL,PT,não eleito,SUPLENTE
RODRIGO DE CASTRO,MG,UNIÃO,centro-direita,122571,DEPUTADO FEDERAL,UNIÃO,eleito,ELEITO POR QP
MARIO FRIAS,SP,PL,direita,122564,DEPUTADO FEDERAL,PL,eleito,ELEITO POR QP
JOAQUIM PASSARINHO,PA,PL,direita,122553,DEPUTADO FEDERAL,PL,eleito,ELEITO POR QP
FERNANDA PESSOA,CE,UNIÃO,centro-direita,121469,DEPUTADO FEDERAL,PSD,eleito,ELEITO POR QP
RAFAEL PRUDENTE,DF,MDB,centro,121307,DEPUTADO FEDERAL,MDB,eleito,ELEITO POR QP
HELDER SALOMÃO,ES,PT,esquerda,120337,GOVERNADOR,PT,não eleito,NÃO ELEITO
EMIDINHO MADEIRA,MG,PL,direita,119101,DEPUTADO FEDERAL,PL,eleito,ELEITO POR QP
LUCAS REDECKER,RS,PSDB,centro,119069,DEPUTADO FEDERAL,PSD,eleito,ELEITO POR QP
ANY ORTIZ,RS,CIDADANIA,centro,119039,DEPUTADO FEDERAL,PP,eleito,ELEITO POR QP
MARCIO MARINHO,BA,REPUBLICANOS,centro-direita,118904,DEPUTADO FEDERAL,REPUBLICANOS,eleito,ELEITO POR QP
AFONSO FLORENCE,BA,PT,esquerda,118021,DEPUTADO FEDERAL,PT,eleito,ELEITO POR QP
GLAUSTIN DA FOKUS,GO,PSC,centro,117981,DEPUTADO FEDERAL,PODE,eleito,ELEITO POR MÉDIA
JULIO ARCOVERDE,PI,PP,centro-direita,117669,DEPUTADO FEDERAL,PP,eleito,ELEITO POR QP
SÉRGIO BRITO,BA,PSD,centro,116960,DEPUTADO FEDERAL,PSD,eleito,ELEITO POR QP
MARRECA FILHO,MA,PATRIOTA,centro-direita,116246,DEPUTADO FEDERAL,PRD,eleito,ELEITO POR QP
CHICO ALENCAR,RJ,PSOL,esquerda,115023,DEPUTADO FEDERAL,PSOL,não eleito,SUPLENTE
MERSINHO LUCENA,PB,PP,centro-direita,114818,DEPUTADO FEDERAL,PSD,não eleito,SUPLENTE
CARLOS JORDY,RJ,PL,direita,114587,DEPUTADO FEDERAL,PL,não eleito,#NULO
ROMERO RODRIGUES,PB,PSC,centro,114573,DEPUTADO FEDERAL,PODE,não eleito,SUPLENTE
PEDRO WESTPHALEN,RS,PP,centro-direita,114258,DEPUTADO FEDERAL,PP,eleito,ELEITO POR QP
ALBERTO MOURÃO,SP,MDB,centro,114234,,,não disputou,
LUIZA ERUNDINA,SP,PSOL,esquerda,113983,DEPUTADO ESTADUAL,PSOL,eleito,ELEITO POR QP
BENEDITA DA SILVA,RJ,PT,esquerda,113831,SENADOR,PT,não eleito,NÃO ELEITO
ARNALDO JARDIM,SP,CIDADANIA,centro,113462,,,não disputou,
MOSES RODRIGUES,CE,UNIÃO,centro-direita,113294,DEPUTADO FEDERAL,UNIÃO,eleito,ELEITO POR QP
WASHINGTON QUAQUÁ,RJ,PT,esquerda,113282,,,não disputou,
WALDENOR PEREIRA,BA,PT,esquerda,113110,DEPUTADO FEDERAL,PT,não eleito,SUPLENTE
VINICIUS CARVALHO,SP,REPUBLICANOS,centro-direita,113009,DEPUTADO FEDERAL,PL,não eleito,SUPLENTE
COVATTI FILHO,RS,PP,centro-direita,112910,DEPUTADO FEDERAL,PP,eleito,ELEITO POR MÉDIA
MURILO GALDINO,PB,REPUBLICANOS,centro-direita,112891,DEPUTADO FEDERAL,REPUBLICANOS,eleito,ELEITO POR QP
LÍDICE DA MATA,BA,PSB,centro-esquerda,112385,DEPUTADO FEDERAL,PSB,não eleito,SUPLENTE
ANDRÉ FIGUEIREDO,CE,PDT,centro-esquerda,111886,DEPUTADO FEDERAL,PDT,não eleito,NÃO ELEITO
JULIA ZANATTA,SC,PL,direita,111588,DEPUTADO FEDERAL,PL,eleito,ELEITO POR QP
DUARTE,MA,PSB,centro-esquerda,111019,DEPUTADO FEDERAL,AVANTE,não eleito,NÃO ELEITO
BACELAR,BA,PV,esquerda,110787,DEPUTADO FEDERAL,PV,não eleito,SUPLENTE
CLODOALDO MAGALHÃES,PE,PV,esquerda,110620,DEPUTADO FEDERAL,PV,eleito,ELEITO POR QP
ISMAEL,SC,PSD,centro,110531,DEPUTADO FEDERAL,PL,não eleito,SUPLENTE
MARCELO CRIVELLA,RJ,REPUBLICANOS,centro-direita,110450,SENADOR,REPUBLICANOS,não eleito,NÃO ELEITO
MARCELO LIMA,SP,SOLIDARIEDADE,centro,110430,,,não disputou,
GREYCE ELIAS,MG,AVANTE,centro,110346,DEPUTADO FEDERAL,PL,eleito,ELEITO POR QP
ADRIANA VENTURA,SP,NOVO,direita,109474,DEPUTADO FEDERAL,NOVO,eleito,ELEITO POR MÉDIA
TIÃO MEDEIROS,PR,PP,centro-direita,109344,DEPUTADO FEDERAL,PP,eleito,ELEITO POR QP
AFONSO HAMM,RS,PP,centro-direita,109123,DEPUTADO FEDERAL,PP,eleito,ELEITO POR QP
WELLINGTON ROBERTO,PB,PL,direita,109067,DEPUTADO FEDERAL,PSD,eleito,ELEITO POR QP
PEDRO LUPION,PR,PP,centro-direita,109043,DEPUTADO FEDERAL,REPUBLICANOS,eleito,ELEITO POR QP
AMANDA GENTIL ,MA,PP,centro-direita,108699,DEPUTADO FEDERAL,PP,eleito,ELEITO POR QP
ARTHUR MAIA,BA,UNIÃO,centro-direita,108672,DEPUTADO FEDERAL,UNIÃO,não eleito,SUPLENTE
RODRIGO GAMBALE,SP,PODE,centro,108209,DEPUTADO FEDERAL,PODE,eleito,ELEITO POR MÉDIA
DANIEL FREITAS,SC,PL,direita,108001,DEPUTADO FEDERAL,PL,eleito,ELEITO POR MÉDIA
MIGUEL LOMBARDI,SP,PL,direita,107869,DEPUTADO FEDERAL,PL,eleito,ELEITO POR QP
LUIS TIBÉ,MG,AVANTE,centro,107523,DEPUTADO FEDERAL,AVANTE,eleito,ELEITO POR QP
PAULO MAGALHÃES,BA,PSD,centro,107093,DEPUTADO FEDERAL,PSD,não eleito,SUPLENTE
RICARDO BARROS,PR,PP,centro-direita,107022,DEPUTADO FEDERAL,PP,eleito,ELEITO POR QP
ALEX SANTANA,BA,REPUBLICANOS,centro-direita,106940,,,não disputou,
VITOR LIPPI,SP,PSDB,centro,106661,DEPUTADO FEDERAL,PSD,não eleito,SUPLENTE
DELEGADO CAVEIRA,PA,PL,direita,106349,DEPUTADO FEDERAL,PL,eleito,ELEITO POR QP
MARCIO JERRY,MA,PC do B,esquerda,106143,DEPUTADO FEDERAL,PCDOB,eleito,ELEITO POR MÉDIA
IVONEIDE CAETANO,BA,PT,esquerda,105885,DEPUTADO FEDERAL,PT,eleito,ELEITO POR QP
FLORENTINO NETO,PI,PT,esquerda,105739,DEPUTADO FEDERAL,PT,não eleito,SUPLENTE
SÉRGIO SOUZA,PR,MDB,centro,105661,DEPUTADO FEDERAL,MDB,eleito,ELEITO POR QP
PAULO ABI-ACKEL,MG,PSDB,centro,105383,DEPUTADO FEDERAL,PSDB,eleito,ELEITO POR QP
MOTTA,SP,PL,direita,104701,DEPUTADO FEDERAL,PL,eleito,ELEITO POR QP
MARIA ARRAES,PE,SOLIDARIEDADE,centro,104571,DEPUTADO ESTADUAL,PSB,eleito,ELEITO POR QP
JOSÉ NELTO,GO,PP,centro-direita,104504,DEPUTADO FEDERAL,UNIÃO,eleito,ELEITO POR QP
JOÃO MAIA,RN,PL,direita,104254,DEPUTADO FEDERAL,PP,eleito,ELEITO POR MÉDIA
JOSEILDO RAMOS,BA,PT,esquerda,104228,DEPUTADO FEDERAL,PT,eleito,ELEITO POR MÉDIA
IZA ARRUDA,PE,MDB,centro,103950,DEPUTADO FEDERAL,MDB,eleito,ELEITO POR MÉDIA
AUREO RIBEIRO,RJ,SOLIDARIEDADE,centro,103321,DEPUTADO FEDERAL,SOLIDARIEDADE,eleito,ELEITO POR QP
OSMAR TERRA,RS,MDB,centro,103245,DEPUTADO FEDERAL,PL,eleito,ELEITO POR QP
MARCOS POLLON,MS,PL,direita,103111,DEPUTADO FEDERAL,PL,eleito,ELEITO POR QP
NEWTON CARDOSO JR,MG,MDB,centro,103056,DEPUTADO FEDERAL,MDB,eleito,ELEITO POR MÉDIA
RUY CARNEIRO,PB,PSC,centro,102531,DEPUTADO FEDERAL,PODE,eleito,ELEITO POR QP
OLIVAL MARQUES,PA,MDB,centro,102435,DEPUTADO FEDERAL,PODE,não eleito,SUPLENTE
ATILA LINS,AM,PSD,centro,102401,DEPUTADO FEDERAL,PSD,não eleito,SUPLENTE
JOÃO LEÃO,BA,PP,centro-direita,102376,,,não disputou,
CARLOS GOMES,RS,REPUBLICANOS,centro-direita,102363,DEPUTADO FEDERAL,REPUBLICANOS,eleito,ELEITO POR MÉDIA
EDUARDO BISMARCK,CE,PDT,centro-esquerda,102287,DEPUTADO FEDERAL,PV,não eleito,SUPLENTE
SIDNEY LEITE,AM,PSD,centro,102181,DEPUTADO FEDERAL,PSD,eleito,ELEITO POR QP
ALFREDO GASPAR,AL,UNIÃO,centro-direita,102039,,,não disputou,
EUCLYDES PETTERSEN,MG,PSC,centro,101892,DEPUTADO FEDERAL,REPUBLICANOS,não eleito,SUPLENTE
LUCIANO AMARAL,AL,PV,esquerda,101508,DEPUTADO FEDERAL,PSD,eleito,ELEITO POR QP
CÉLIA XAKRIABÁ,MG,PSOL,esquerda,101154,DEPUTADO FEDERAL,PSOL,não eleito,SUPLENTE
AUGUSTO COUTINHO,PE,REPUBLICANOS,centro-direita,101142,DEPUTADO FEDERAL,REPUBLICANOS,eleito,ELEITO POR QP
PASTOR EURICO,PE,PL,direita,100811,DEPUTADO FEDERAL,PSDB,não eleito,NÃO ELEITO
BENES LEOCÁDIO,RN,UNIÃO,centro-direita,100693,DEPUTADO FEDERAL,UNIÃO,eleito,ELEITO POR QP
FLAVIO NOGUEIRA,PI,PT,esquerda,100151,DEPUTADO FEDERAL,PT,eleito,ELEITO POR MÉDIA
POMPEO DE MATTOS,RS,PDT,centro-esquerda,100113,DEPUTADO FEDERAL,PDT,eleito,ELEITO POR QP
FERNANDO MONTEIRO,PE,PP,centro-direita,99751,DEPUTADO FEDERAL,PSD,eleito,ELEITO POR QP
MARCIO BIOLCHI,RS,MDB,centro,99627,,,não disputou,
ERIBERTO MEDEIROS,PE,PSB,centro-esquerda,99226,,,não disputou,
DANIEL SORANZ,RJ,PSD,centro,98784,DEPUTADO FEDERAL,PSD,eleito,ELEITO POR QP
FÁBIO GARCIA,MT,UNIÃO,centro-direita,98704,DEPUTADO FEDERAL,UNIÃO,eleito,ELEITO POR QP
MILTON VIEIRA,SP,REPUBLICANOS,centro-direita,98557,DEPUTADO FEDERAL,REPUBLICANOS,não eleito,SUPLENTE
COBALCHINI,SC,MDB,centro,98124,DEPUTADO FEDERAL,MDB,não eleito,SUPLENTE
CARLOS SAMPAIO,SP,PSDB,centro,98102,DEPUTADO FEDERAL,PSD,eleito,ELEITO POR MÉDIA
BETO PEREIRA,MS,PSDB,centro,97872,DEPUTADO FEDERAL,REPUBLICANOS,eleito,ELEITO POR QP
DANRLEI DE DEUS GOLEIRO,RS,PSD,centro,97824,DEPUTADO FEDERAL,PSD,eleito,ELEITO POR QP
SIMONE MARQUETTO,SP,MDB,centro,97730,,,não disputou,
ROBINSON FARIA,RN,PL,direita,97319,DEPUTADO FEDERAL,PP,não eleito,SUPLENTE
BRUNO FARIAS,MG,AVANTE,centro,97246,DEPUTADO FEDERAL,REPUBLICANOS,eleito,ELEITO POR QP
ROSEANA SARNEY,MA,MDB,centro,97008,SENADOR,MDB,não eleito,NÃO ELEITO
DELEGADA ADRIANA ACCORSI,GO,PT,esquerda,96714,DEPUTADO FEDERAL,PT,eleito,ELEITO POR QP
LUIZ GASTÃO,CE,PSD,centro,96537,DEPUTADO FEDERAL,PSD,não eleito,SUPLENTE
DR. GERALDO RESENDE,MS,PSDB,centro,96519,DEPUTADO FEDERAL,UNIÃO,não eleito,SUPLENTE
STEFANO AGUIAR,MG,PSD,centro,96503,DEPUTADO FEDERAL,PSD,não eleito,SUPLENTE
DIMAS FABIANO,MG,PP,centro-direita,96395,DEPUTADO FEDERAL,PP,eleito,ELEITO POR QP
LUCIANO DUCCI,PR,PSB,centro-esquerda,95521,DEPUTADO FEDERAL,PSB,não eleito,NÃO ELEITO
ADRIANO DO BALDY,GO,PP,centro-direita,95518,DEPUTADO FEDERAL,PP,eleito,ELEITO POR QP
FÁBIO MACEDO,MA,PODE,centro,95270,DEPUTADO FEDERAL,PODE,não eleito,NÃO ELEITO
ENIO VERRI,PR,PT,esquerda,95172,,,não disputou,
CAPITÃO ALDEN,BA,PL,direita,95151,DEPUTADO FEDERAL,PL,eleito,ELEITO POR MÉDIA
GILBERTO NASCIMENTO,SP,PSC,centro,95077,DEPUTADO FEDERAL,PODE,não eleito,SUPLENTE
ALIEL MACHADO,PR,PV,esquerda,94839,DEPUTADO FEDERAL,PV,eleito,ELEITO POR QP
MARIA ROSAS,SP,REPUBLICANOS,centro-direita,94787,DEPUTADO FEDERAL,REPUBLICANOS,eleito,ELEITO POR MÉDIA
ROBERTO MONTEIRO PAI,RJ,PL,direita,94221,DEPUTADO FEDERAL,PL,não eleito,SUPLENTE
LULA DA FONTE,PE,PP,centro-direita,94122,DEPUTADO FEDERAL,PP,eleito,ELEITO POR QP
DAVID SOARES,SP,UNIÃO,centro-direita,93831,DEPUTADO FEDERAL,PODE,não eleito,SUPLENTE
ALEXANDRE LINDENMEYER,RS,PT,esquerda,93768,DEPUTADO FEDERAL,PT,não eleito,SUPLENTE
JÚNIOR LOURENÇO,MA,PL,direita,93123,DEPUTADO FEDERAL,MDB,eleito,ELEITO POR MÉDIA
ATILA,PI,PP,centro-direita,92791,DEPUTADO FEDERAL,PP,não eleito,SUPLENTE
CÉLIO SILVEIRA,GO,MDB,centro,92469,DEPUTADO FEDERAL,MDB,eleito,ELEITO POR MÉDIA
RUBENS PEREIRA JR,MA,PT,esquerda,91872,DEPUTADO FEDERAL,PT,eleito,ELEITO POR QP
YURY DO PAREDÃO,CE,PL,direita,90425,DEPUTADO FEDERAL,MDB,eleito,ELEITO POR QP
DOMINGOS SÁVIO,MG,PL,direita,90236,SENADOR,PL,eleito,ELEITO
JOÃO CARLOS BACELAR,BA,PL,direita,90229,DEPUTADO FEDERAL,PL,eleito,ELEITO POR QP
PROFESSOR ALCIDES,GO,PL,direita,90162,DEPUTADO FEDERAL,PSDB,não eleito,NÃO ELEITO
VALMIR ASSUNÇÃO,BA,PT,esquerda,90148,DEPUTADO FEDERAL,PT,eleito,ELEITO POR QP
ADAIL FILHO,AM,REPUBLICANOS,centro-direita,90028,DEPUTADO FEDERAL,MDB,eleito,ELEITO POR QP
MAX,RJ,PROS,centro,89507,DEPUTADO FEDERAL,UNIÃO,não eleito,SUPLENTE
PEDRO AIHARA,MG,PATRIOTA,centro-direita,89404,DEPUTADO FEDERAL,PP,não eleito,SUPLENTE
MARANGONI,SP,UNIÃO,centro-direita,89390,DEPUTADO FEDERAL,PODE,não eleito,SUPLENTE
MARX BELTRÃO,AL,PP,centro-direita,88512,DEPUTADO FEDERAL,UNIÃO,eleito,ELEITO POR MÉDIA
DANILO FORTE,CE,UNIÃO,centro-direita,88470,DEPUTADO FEDERAL,PP,eleito,ELEITO POR QP
DAIANA SANTOS,RS,PC do B,esquerda,88107,DEPUTADO FEDERAL,PCDOB,eleito,ELEITO POR QP
GILVAN O FEDERAL DA DIREITA,ES,PL,direita,87994,DEPUTADO FEDERAL,PL,não eleito,#NULO
DR ZACHARIAS CALIL,GO,UNIÃO,centro-direita,87919,SENADOR,MDB,não eleito,NÃO ELEITO
GILSON MARQUES,SC,NOVO,direita,87894,DEPUTADO FEDERAL,NOVO,eleito,ELEITO POR QP
PATRUS ANANIAS,MG,PT,esquerda,87893,GOVERNADOR,PT,não eleito,NÃO ELEITO
FAUSTO SANTOS JR,AM,UNIÃO,centro-direita,87876,DEPUTADO FEDERAL,UNIÃO,eleito,ELEITO POR QP
ABÍLIO,MT,PL,direita,87072,,,não disputou,
SANDERSON,RS,PL,direita,86690,SENADOR,PL,eleito,ELEITO
ZÉ SILVA,MG,SOLIDARIEDADE,centro,86042,DEPUTADO FEDERAL,UNIÃO,não eleito,SUPLENTE
DANDARA,MG,PT,esquerda,86034,DEPUTADO FEDERAL,PT,eleito,ELEITO POR QP
PADRE JOÃO,MG,PT,esquerda,85718,DEPUTADO FEDERAL,PT,eleito,ELEITO POR MÉDIA
DR FERNANDO MÁXIMO,RO,UNIÃO,centro-direita,85604,SENADOR,PL,eleito,ELEITO
LUCAS RAMOS,PE,PSB,centro-esquerda,85571,DEPUTADO FEDERAL,PSB,não eleito,SUPLENTE
AÉCIO NEVES,MG,PSDB,centro,85341,SENADOR,PSDB,não eleito,NÃO ELEITO
LUCIANO VIEIRA,RJ,PL,direita,84942,DEPUTADO FEDERAL,PSDB,eleito,ELEITO POR QP
DR. FREDERICO,MG,PATRIOTA,centro-direita,84771,DEPUTADO FEDERAL,PL,eleito,ELEITO POR QP
TADEU VENERI,PR,PT,esquerda,84758,DEPUTADO FEDERAL,PT,não eleito,SUPLENTE
DANIELA REINEHR,SC,PL,direita,84631,DEPUTADO FEDERAL,PL,eleito,ELEITO POR QP
GUILHERME UCHOA JUNIOR,PE,PSB,centro-esquerda,84592,DEPUTADO FEDERAL,PSD,eleito,ELEITO POR QP
WILSON SANTIAGO,PB,REPUBLICANOS,centro-direita,84407,DEPUTADO FEDERAL,REPUBLICANOS,eleito,ELEITO POR MÉDIA
MARCELO MORAES,RS,PL,direita,84247,DEPUTADO FEDERAL,PL,eleito,ELEITO POR QP
MIGUEL ÂNGELO,MG,PT,esquerda,84173,DEPUTADO FEDERAL,PT,eleito,ELEITO POR QP
JANDIRA FEGHALI,RJ,PC do B,esquerda,84054,DEPUTADO FEDERAL,PCDOB,eleito,ELEITO POR QP
JONAS DONIZETTE,SP,PSB,centro-esquerda,84044,DEPUTADO FEDERAL,PSB,eleito,ELEITO POR QP
ISNALDO BULHÕES JR,AL,MDB,centro,83965,DEPUTADO FEDERAL,MDB,eleito,ELEITO POR MÉDIA
RUBENS OTONI,GO,PT,esquerda,83539,DEPUTADO FEDERAL,PT,eleito,ELEITO POR MÉDIA
MINEIRO,RN,PT,esquerda,83481,DEPUTADO FEDERAL,PT,não eleito,SUPLENTE
MAURICIO DO VOLEI,MG,PL,direita,83396,DEPUTADO FEDERAL,PL,não eleito,SUPLENTE
JADYEL DA JUPI,PI,PV,esquerda,83175,DEPUTADO FEDERAL,REPUBLICANOS,eleito,ELEITO POR MÉDIA
DELEGADO MARCELO FREITAS,MG,UNIÃO,centro-direita,82894,DEPUTADO FEDERAL,UNIÃO,eleito,ELEITO POR QP
PAULO LITRO,PR,PSD,centro,82707,DEPUTADO FEDERAL,UNIÃO,eleito,ELEITO POR QP
JOSE AIRTON,CE,PT,esquerda,82274,DEPUTADO FEDERAL,PT,não eleito,SUPLENTE
JOSÉ MEDEIROS,MT,PL,direita,82182,SENADOR,PL,eleito,ELEITO
ROGERIA SANTOS,BA,REPUBLICANOS,centro-direita,82012,DEPUTADO FEDERAL,REPUBLICANOS,não eleito,SUPLENTE
LEUR LOMANTO JR,BA,UNIÃO,centro-direita,82004,DEPUTADO FEDERAL,UNIÃO,eleito,ELEITO POR QP
MAGDA MOFATTO,GO,PL,direita,81996,DEPUTADO FEDERAL,PL,eleito,ELEITO POR QP
LEONARDO MONTEIRO,MG,PT,esquerda,81008,DEPUTADO FEDERAL,PT,eleito,ELEITO POR MÉDIA
MARUSSA BOLDRIN,GO,MDB,centro,80464,DEPUTADO FEDERAL,REPUBLICANOS,eleito,ELEITO POR QP
LEANDRE,PR,PSD,centro,80359,DEPUTADO FEDERAL,PSD,eleito,ELEITO POR QP
CARLOS CHIODINI,SC,MDB,centro,80089,VICE-GOVERNADOR,MDB,não eleito,NÃO ELEITO
MARCOS AURELIO SAMPAIO,PI,PSD,centro,79987,DEPUTADO FEDERAL,MDB,eleito,ELEITO POR MÉDIA
AIRTON FALEIRO,PA,PT,esquerda,79862,DEPUTADO FEDERAL,PT,eleito,ELEITO POR MÉDIA
JOSIVALDO JP,MA,PSD,centro,79699,DEPUTADO FEDERAL,UNIÃO,eleito,ELEITO POR MÉDIA
DR JAZIEL,CE,PL,direita,79358,DEPUTADO FEDERAL,PL,eleito,ELEITO POR QP
LUIZ PHILIPPE DE O BRAGANÇA,SP,PL,direita,79210,,,não disputou,
CORONEL MEIRA,PE,PL,direita,78941,DEPUTADO FEDERAL,PL,não eleito,SUPLENTE
JOSÉ ROCHA,BA,UNIÃO,centro-direita,78833,,,não disputou,
GLAUBER,RJ,PSOL,esquerda,78048,DEPUTADO FEDERAL,PSOL,eleito,ELEITO POR QP
ANA PAULA JUNQUEIRA LEAO,MG,PP,centro-direita,77990,DEPUTADO FEDERAL,PP,não eleito,SUPLENTE
PAULINHO FREIRE,RN,UNIÃO,centro-direita,77906,,,não disputou,
EROS BIONDINI,MG,PL,direita,77900,DEPUTADO FEDERAL,PL,eleito,ELEITO POR QP
HEITOR SCHUCH,RS,PSB,centro-esquerda,77616,DEPUTADO FEDERAL,PSD,não eleito,SUPLENTE
JUAREZ COSTA,MT,MDB,centro,77528,DEPUTADO FEDERAL,REPUBLICANOS,eleito,ELEITO POR MÉDIA
CHIQUINHO BRAZÃO,RJ,UNIÃO,centro-direita,77367,,,não disputou,
DANIEL TRZECIAK  DANIEL DA TV ,RS,PSDB,centro,77232,DEPUTADO FEDERAL,PSDB,não eleito,NÃO ELEITO
PASTOR SARGENTO ISIDÓRIO,BA,AVANTE,centro,77164,DEPUTADO FEDERAL,AVANTE,eleito,ELEITO POR QP
PEDRO PAULO,RJ,PSD,centro,76828,SENADOR,PSD,não eleito,NÃO ELEITO
GENERAL GIRÃO,RN,PL,direita,76698,DEPUTADO FEDERAL,PL,eleito,ELEITO POR QP
VANDER LOUBET,MS,PT,esquerda,76571,SENADOR,PT,não eleito,NÃO ELEITO
FELIPE  CARRERAS,PE,PSB,centro-esquerda,76528,DEPUTADO FEDERAL,PSB,eleito,ELEITO POR QP
BIBO NUNES,RS,PL,direita,76521,DEPUTADO FEDERAL,PL,eleito,ELEITO POR MÉDIA
ROSANGELA GOMES,RJ,REPUBLICANOS,centro-direita,76292,DEPUTADO FEDERAL,REPUBLICANOS,não eleito,SUPLENTE
JULIO CESAR,DF,REPUBLICANOS,centro-direita,76274,DEPUTADO FEDERAL,REPUBLICANOS,eleito,ELEITO POR MÉDIA
MENDONÇA FILHO,PE,UNIÃO,centro-direita,76022,SENADOR,PL,não eleito,NÃO ELEITO
ICARO DE VALMIR,SE,PL,direita,75912,DEPUTADO FEDERAL,REPUBLICANOS,eleito,ELEITO POR QP
FABIO REIS,SE,PSD,centro,75848,DEPUTADO FEDERAL,PSD,eleito,ELEITO POR QP
DANI CUNHA,RJ,UNIÃO,centro-direita,75810,DEPUTADO FEDERAL,PL,eleito,ELEITO POR QP
EVAIR DE MELO,ES,PP,centro-direita,75034,SENADOR,REPUBLICANOS,eleito,ELEITO
PRISCILA COSTA,CE,PL,direita,74773,DEPUTADO FEDERAL,PL,não eleito,SUPLENTE
HENDERSON PINTO,PA,MDB,centro,74746,DEPUTADO FEDERAL,UNIÃO,não eleito,SUPLENTE
EMANUELZINHO,MT,MDB,centro,74720,DEPUTADO FEDERAL,PSD,não eleito,NÃO ELEITO
LUÍSA CANZIANI,PR,PSD,centro,74643,DEPUTADO FEDERAL,UNIÃO,não eleito,SUPLENTE
IGOR TIMO,MG,PODE,centro,74465,DEPUTADO FEDERAL,UNIÃO,não eleito,SUPLENTE
LUCIANO BIVAR,PE,UNIÃO,centro-direita,74425,1º SUPLENTE,MDB,eleito,ELEITO
TONINHO WANDSCHEER,PR,PROS,centro,74263,DEPUTADO FEDERAL,PP,eleito,ELEITO POR QP
GILSON DANIEL,ES,PODE,centro,74215,DEPUTADO FEDERAL,PODE,eleito,ELEITO POR QP
RICARDO GUIDI,SC,PSD,centro,74066,DEPUTADO FEDERAL,PL,eleito,ELEITO POR MÉDIA
MARCELO QUEIROZ,RJ,PP,centro-direita,73728,DEPUTADO FEDERAL,PSDB,eleito,ELEITO POR QP
LUIZ NISHIMORI,PR,PSD,centro,73202,DEPUTADO FEDERAL,PSD,não eleito,SUPLENTE
ANTONIO CARLOS RODRIGUES,SP,PL,direita,73054,DEPUTADO FEDERAL,PODE,não eleito,SUPLENTE
BANDEIRA DE MELLO,RJ,PSB,centro-esquerda,72725,DEPUTADO FEDERAL,PV,não eleito,SUPLENTE
ANA PIMENTEL,MG,PT,esquerda,72698,DEPUTADO FEDERAL,PT,eleito,ELEITO POR QP
FAUSTO PINATO,SP,PP,centro-direita,72169,DEPUTADO FEDERAL,UNIÃO,não eleito,SUPLENTE
DELEGADO PAULO BILYNSKYJ,SP,PL,direita,72156,DEPUTADO FEDERAL,PL,eleito,ELEITO POR QP
GERALDO MENDES,PR,UNIÃO,centro-direita,71990,DEPUTADO FEDERAL,UNIÃO,não eleito,#NULO
GUSTINHO RIBEIRO,SE,REPUBLICANOS,centro-direita,71831,DEPUTADO FEDERAL,PP,eleito,ELEITO POR MÉDIA
DA VITÓRIA,ES,PP,centro-direita,71779,DEPUTADO FEDERAL,PP,eleito,ELEITO POR QP
FELIX  MENDONÇA,BA,PDT,centro-esquerda,71774,DEPUTADO FEDERAL,PDT,eleito,ELEITO POR MÉDIA
TIRIRICA,SP,PL,direita,71754,DEPUTADO FEDERAL,PSD,não eleito,SUPLENTE
ZÉ TROVÃO,SC,PL,direita,71140,DEPUTADO FEDERAL,PL,eleito,ELEITO POR QP
VERMELHO,PR,PL,direita,70790,DEPUTADO FEDERAL,PL,eleito,ELEITO POR QP
JUNINHO DO PNEU,RJ,UNIÃO,centro-direita,70660,DEPUTADO FEDERAL,PSDB,eleito,ELEITO POR QP
DANIEL AGROBOM,GO,PL,direita,70529,DEPUTADO FEDERAL,PSD,eleito,ELEITO POR MÉDIA
AFONSO MOTTA,RS,PDT,centro-esquerda,70307,DEPUTADO FEDERAL,PDT,não eleito,SUPLENTE
AMÁLIA BARROS,MT,PL,direita,70294,,,não disputou,
CLEBER VERDE,MA,REPUBLICANOS,centro-direita,70275,DEPUTADO FEDERAL,MDB,não eleito,SUPLENTE
PASTOR  GIL,MA,PL,direita,69530,DEPUTADO FEDERAL,PL,não eleito,#NULO
GERVASIO MAIA,PB,PSB,centro-esquerda,69405,DEPUTADO FEDERAL,PCDOB,eleito,ELEITO POR MÉDIA
LUIZ LIMA,RJ,PL,direita,69088,DEPUTADO FEDERAL,NOVO,eleito,ELEITO POR MÉDIA
JOAO DANIEL,SE,PT,esquerda,68969,DEPUTADO FEDERAL,PT,eleito,ELEITO POR QP
DR MÁRIO HERINGER,MG,PDT,centro-esquerda,68717,DEPUTADO FEDERAL,PDT,não eleito,NÃO ELEITO
LAFAYETTE ANDRADA,MG,REPUBLICANOS,centro-direita,68677,DEPUTADO FEDERAL,PL,eleito,ELEITO POR QP
LUIZ FERNANDO,MG,PSD,centro,68550,DEPUTADO FEDERAL,UNIÃO,não eleito,SUPLENTE
RAFAEL PEZENTI,SC,MDB,centro,68208,DEPUTADO FEDERAL,MDB,eleito,ELEITO POR QP
NELY AQUINO,MG,PODE,centro,66866,DEPUTADO FEDERAL,PODE,eleito,ELEITO POR QP
PAULÃO,AL,PT,esquerda,65814,DEPUTADO FEDERAL,PT,não eleito,NÃO ELEITO
SÓSTENES CAVALCANTE,RJ,PL,direita,65443,DEPUTADO FEDERAL,PL,eleito,ELEITO POR QP
DIEGO GARCIA,PR,REPUBLICANOS,centro-direita,65416,DEPUTADO FEDERAL,UNIÃO,não eleito,SUPLENTE
SILVIA CRISTINA,RO,PL,direita,65012,SENADOR,PP,não eleito,NÃO ELEITO
BETO RICHA,PR,PSDB,centro,64868,DEPUTADO FEDERAL,PSDB,não eleito,NÃO ELEITO
DR. DAMIÃO,PB,UNIÃO,centro-direita,64023,DEPUTADO FEDERAL,UNIÃO,eleito,ELEITO POR QP
TOINHO ANDRADE,TO,REPUBLICANOS,centro-direita,63813,DEPUTADO ESTADUAL,PSDB,eleito,ELEITO POR MÉDIA
DANIEL BARBOSA,AL,PP,centro-direita,63385,DEPUTADO FEDERAL,PP,eleito,ELEITO POR QP
SAMUEL VIANA,MG,PL,direita,62704,DEPUTADO FEDERAL,UNIÃO,eleito,ELEITO POR MÉDIA
RAIMUNDO SANTOS,PA,PSD,centro,62366,DEPUTADO FEDERAL,PSD,eleito,ELEITO POR MÉDIA
MARCOS TAVARES,RJ,PDT,centro-esquerda,62086,DEPUTADO FEDERAL,PDT,eleito,ELEITO POR QP
DILCEU SPERAFICO,PR,PP,centro-direita,61689,DEPUTADO FEDERAL,PP,não eleito,SUPLENTE
DELEGADO FABIO COSTA,AL,PP,centro-direita,60767,DEPUTADO FEDERAL,PP,eleito,ELEITO POR QP
CORONEL FERNANDA,MT,PL,direita,60304,DEPUTADO FEDERAL,PL,eleito,ELEITO POR QP
FERNANDO RODOLFO,PE,PL,direita,60088,DEPUTADO FEDERAL,PRD,não eleito,NÃO ELEITO
RENILDO CALHEIROS,PE,PC do B,esquerda,59686,DEPUTADO FEDERAL,PCDOB,não eleito,SUPLENTE
JUNIO AMARAL,MG,PL,direita,59297,DEPUTADO FEDERAL,PL,eleito,ELEITO POR QP
JORGE BRAZ,RJ,REPUBLICANOS,centro-direita,59201,,,não disputou,
DELEGADO RAMAGEM,RJ,PL,direita,59170,,,não disputou,
RAFAEL BRITO (TIO RAFA),AL,MDB,centro,58134,DEPUTADO FEDERAL,MDB,eleito,ELEITO POR QP
BUSATO,RS,UNIÃO,centro-direita,57610,DEPUTADO FEDERAL,UNIÃO,eleito,ELEITO POR MÉDIA
PADOVANI,PR,UNIÃO,centro-direita,57185,2º SUPLENTE,PP,não eleito,NÃO ELEITO
CAMILA JARA,MS,PT,esquerda,56552,DEPUTADO FEDERAL,PT,eleito,ELEITO POR QP
SARGENTO GONÇALVES,RN,PL,direita,56315,DEPUTADO FEDERAL,PL,eleito,ELEITO POR QP
JEFERSON RODRIGUES,GO,REPUBLICANOS,centro-direita,56026,DEPUTADO FEDERAL,PSDB,não eleito,NÃO ELEITO
VICENTINHO JUNIOR,TO,PP,centro-direita,55292,GOVERNADOR,PSDB,2º turno,2º TURNO
LUIZ COUTO,PB,PT,esquerda,54851,DEPUTADO FEDERAL,PT,não eleito,SUPLENTE
DR ISMAEL ALEXANDRINO ,GO,PSD,centro,54791,DEPUTADO FEDERAL,PSD,não eleito,SUPLENTE
ALEXANDRE GUIMARÃES,TO,REPUBLICANOS,centro-direita,54703,SENADOR,MDB,eleito,ELEITO
PROFESSOR REGINALDO VERAS,DF,PV,esquerda,54557,DEPUTADO FEDERAL,PV,eleito,ELEITO POR MÉDIA
MÁRCIO HONAISER,MA,PDT,centro-esquerda,54547,DEPUTADO FEDERAL,SOLIDARIEDADE,não eleito,SUPLENTE
PASTOR HENRIQUE VIEIRA,RJ,PSOL,esquerda,53933,DEPUTADO FEDERAL,PSOL,eleito,ELEITO POR MÉDIA
RAIMUNDO COSTA,BA,PODE,centro,53486,DEPUTADO FEDERAL,PSD,eleito,ELEITO POR QP
DR. VICTOR,ES,PODE,centro,53483,DEPUTADO FEDERAL,PSB,não eleito,SUPLENTE
DELEGADA IONE BARBOSA,MG,AVANTE,centro,52630,DEPUTADO FEDERAL,PL,eleito,ELEITO POR QP
CHRIS TONIETTO,RJ,PL,direita,52583,DEPUTADO FEDERAL,PL,eleito,ELEITO POR QP
AMARO NETO,ES,REPUBLICANOS,centro-direita,52375,DEPUTADO FEDERAL,PP,não eleito,SUPLENTE
CARLOS GAGUIM,TO,UNIÃO,centro-direita,52203,SENADOR,UNIÃO,não eleito,NÃO ELEITO
RODRIGO ROLLEMBERG,DF,PSB,centro-esquerda,51926,DEPUTADO FEDERAL,PSB,não eleito,NÃO ELEITO
FABIO SCHIOCHET,SC,UNIÃO,centro-direita,51824,DEPUTADO FEDERAL,UNIÃO,não eleito,SUPLENTE
LÊDA BORGES,GO,PSDB,centro,51346,DEPUTADO FEDERAL,REPUBLICANOS,não eleito,SUPLENTE
JACK ROCHA,ES,PT,esquerda,51317,DEPUTADO FEDERAL,PT,eleito,ELEITO POR QP
HUGO LEAL,RJ,PSD,centro,50067,DEPUTADO FEDERAL,PSD,não eleito,SUPLENTE
JULIO LOPES,RJ,PP,centro-direita,50019,DEPUTADO FEDERAL,PP,não eleito,SUPLENTE
MURILLO GOUVEA,RJ,UNIÃO,centro-direita,49921,DEPUTADO FEDERAL,PSDB,não eleito,SUPLENTE
RODRIGO VALADARES,SE,UNIÃO,centro-direita,49696,SENADOR,PL,não eleito,NÃO ELEITO
PAULO FOLETTO,ES,PSB,centro-esquerda,48776,,,não disputou,
LUCIO MOSQUINI,RO,MDB,centro,48735,DEPUTADO FEDERAL,PL,eleito,ELEITO POR QP
DAGOBERTO,MS,PSDB,centro,48217,DEPUTADO FEDERAL,PP,eleito,ELEITO POR MÉDIA
LAURA CARNEIRO,RJ,PSD,centro,48073,DEPUTADO FEDERAL,PSD,não eleito,SUPLENTE
CORONEL ASSIS,MT,UNIÃO,centro-direita,47479,DEPUTADO FEDERAL,PL,eleito,ELEITO POR QP
RICARDO AYRES,TO,REPUBLICANOS,centro-direita,45880,DEPUTADO FEDERAL,REPUBLICANOS,eleito,ELEITO POR QP
THIAGO DE JOALDO,SE,PP,centro-direita,45698,DEPUTADO FEDERAL,REPUBLICANOS,não eleito,SUPLENTE
DR. LUIZ OVANDO,MS,PP,centro-direita,45491,DEPUTADO FEDERAL,PP,não eleito,SUPLENTE
DENISE PESSÔA,RS,PT,esquerda,44241,DEPUTADO FEDERAL,PT,eleito,ELEITO POR QP
MARCOS RR SOARES,RJ,UNIÃO,centro-direita,43533,DEPUTADO FEDERAL,PSDB,não eleito,SUPLENTE
TIAGO DIMAS,TO,PODE,centro,42970,DEPUTADO FEDERAL,PODE,não eleito,SUPLENTE
MESSIAS DONATO,ES,REPUBLICANOS,centro-direita,42640,DEPUTADO FEDERAL,UNIÃO,não eleito,SUPLENTE
LINCOLN PORTELA,MG,PL,direita,42328,DEPUTADO FEDERAL,PL,eleito,ELEITO POR QP
ROSÂNGELA REIS,MG,PL,direita,42009,DEPUTADO FEDERAL,PL,eleito,ELEITO POR QP
RODOLFO NOGUEIRA,MS,PL,direita,41773,DEPUTADO FEDERAL,PL,eleito,ELEITO POR MÉDIA
DIMAS GADELHA,RJ,PT,esquerda,41238,DEPUTADO FEDERAL,PT,não eleito,SUPLENTE
BEBETO,RJ,PTB,centro-direita,41075,DEPUTADO FEDERAL,PP,eleito,ELEITO POR MÉDIA
FRANCIANE BAYER,RS,REPUBLICANOS,centro-direita,40555,DEPUTADO FEDERAL,REPUBLICANOS,não eleito,SUPLENTE
REIMONT,RJ,PT,esquerda,39325,DEPUTADO FEDERAL,PT,não eleito,SUPLENTE
DELEGADA KATARINA,SE,PSD,centro,38135,DEPUTADO FEDERAL,PSD,eleito,ELEITO POR MÉDIA
FILIPE MARTINS,TO,PL,direita,36293,DEPUTADO FEDERAL,PL,eleito,ELEITO POR MÉDIA
ELI BORGES,TO,PL,direita,35171,SENADOR,REPUBLICANOS,não eleito,NÃO ELEITO
SARGENTO PORTUGAL,RJ,PODE,centro,33368,DEPUTADO FEDERAL,PODE,não eleito,NÃO ELEITO
MAURÍCIO CARVALHO,RO,UNIÃO,centro-direita,32637,DEPUTADO FEDERAL,UNIÃO,eleito,ELEITO POR MÉDIA
MARCELO ÁLVARO ANTÔNIO,MG,PL,direita,31025,DEPUTADO FEDERAL,PL,eleito,ELEITO POR QP
FRAGA,DF,PL,direita,28825,DEPUTADO FEDERAL,PL,eleito,ELEITO POR QP
JOSENILDO,AP,PDT,centro-esquerda,27112,DEPUTADO FEDERAL,PDT,eleito,ELEITO POR QP
SOCORRO NERI,AC,PP,centro-direita,25842,DEPUTADO FEDERAL,PP,eleito,ELEITO POR QP
CORONEL CHRISÓSTOMO,RO,PL,direita,24406,DEPUTADO FEDERAL,PL,eleito,ELEITO POR QP
RAFAEL FERA O FISCAL DO POVO,RO,PODE,centro,24286,DEPUTADO FEDERAL,PODE,não eleito,SUPLENTE
ACÁCIO FAVACHO,AP,MDB,centro,24064,SENADOR,MDB,não eleito,NÃO ELEITO
THIAGO FLORES,RO,MDB,centro,23791,DEPUTADO FEDERAL,UNIÃO,eleito,ELEITO POR QP
CRISTIANE LOPES,RO,UNIÃO,centro-direita,22806,DEPUTADO FEDERAL,PODE,eleito,ELEITO POR QP
MEIRE SERAFIM,AC,UNIÃO,centro-direita,21285,,,não disputou,
CORONEL ULYSSES,AC,UNIÃO,centro-direita,21075,DEPUTADO FEDERAL,UNIÃO,eleito,ELEITO POR QP
ZEZINHO BARBARY,AC,PP,centro-direita,19958,,,não disputou,
JHONATAN DE JESUS,RR,REPUBLICANOS,centro-direita,19881,,,não disputou,
GERLEN DINIZ,AC,PP,centro-direita,19560,,,não disputou,
DR EDUARDO VELLOSO,AC,UNIÃO,centro-direita,16786,SENADOR,SOLIDARIEDADE,não eleito,NÃO ELEITO
ANTÔNIA LUCIA,AC,REPUBLICANOS,centro-direita,16280,DEPUTADO FEDERAL,MDB,não eleito,NÃO ELEITO
HELENA DA ASATUR,RR,MDB,centro,15848,SENADOR,PSD,não eleito,NÃO ELEITO
DUDA RAMOS,RR,MDB,centro,14793,DEPUTADO FEDERAL,PODE,eleito,ELEITO POR MÉDIA
ROBERTO DUARTE,AC,REPUBLICANOS,centro-direita,14522,DEPUTADO FEDERAL,REPUBLICANOS,eleito,ELEITO POR QP
DEFENSOR STÉLIO DENER,RR,REPUBLICANOS,centro-direita,14193,DEPUTADO FEDERAL,UNIÃO,eleito,ELEITO POR MÉDIA
ALBUQUERQUE,RR,REPUBLICANOS,centro-direita,14015,DEPUTADO FEDERAL,REPUBLICANOS,não eleito,SUPLENTE
ALINE GURGEL,AP,REPUBLICANOS,centro-direita,13633,DEPUTADO FEDERAL,UNIÃO,eleito,ELEITO POR QP
VINICIUS GURGEL,AP,PL,direita,13253,DEPUTADO FEDERAL,PL,eleito,ELEITO POR MÉDIA
PROFESSORA MARCIVANIA,AP,PC do B,esquerda,13245,DEPUTADO FEDERAL,PCDOB,eleito,ELEITO POR QP
DORINALDO MALAFAIA,AP,PDT,centro-esquerda,11473,DEPUTADO FEDERAL,PDT,eleito,ELEITO POR MÉDIA
ANDRÉ ABDON,AP,PP,centro-direita,11380,DEPUTADO FEDERAL,PP,não eleito,SUPLENTE
NICOLETTI,RR,UNIÃO,centro-direita,10969,SENADOR,PL,eleito,ELEITO
ZÉ HAROLDO CATHEDRAL,RR,PSD,centro,10361,DEPUTADO FEDERAL,UNIÃO,eleito,ELEITO POR QP
PAULO LEMOS,AP,PSOL,esquerda,9240,DEPUTADO FEDERAL,PT,não eleito,SUPLENTE
PASTOR DINIZ,RR,UNIÃO,centro-direita,8243,DEPUTADO FEDERAL,UNIÃO,não eleito,SUPLENTE
